Name,Table Data
A (First Raikage),"{'Manga': 'Naruto Chapter #648', 'Anime': 'Naruto Shippūden Episode #369', 'Appears in': 'Anime, Manga', 'Japanese': 'Kōsuke Gotō', 'English': 'Steven Blum', 'Birthdate': 'December 1', 'Sex': 'Male', 'Status': 'Deceased', 'Height': 'Part II: 210.1 cm', 'Weight': 'Part II: 97.2 kg', 'Blood type': 'O', 'Occupation': 'Raikage', 'Affiliation': 'Kumogakure', 'Ninja Rank': 'Part II: Kage'}"
A (Fourth Raikage),"{'Manga': 'Naruto Chapter #416', 'Anime': 'Naruto Shippūden Episode #152', 'Novel': 'Kakashi Hiden: Lightning in the Icy Sky', 'Movie': 'Naruto the Movie: Blood Prison', 'Game': 'Naruto Shippūden: Gekitō Ninja Taisen! Special', 'OVA': 'Naruto Shippūden: UNSG anime cutscenes', 'Appears in': 'Anime, Manga, Novel, Game, Movie', 'Japanese': 'Hideaki Tezuka', 'English': 'Beau Billingslea', 'Birthdate': 'June 1', 'Sex': 'Male', 'Age': 'Part II: 47', 'Height': 'Part II: 198.2 cm', 'Weight': 'Part II: 101.1 kg', 'Blood type': 'A', 'Occupation': 'Raikage\nSupreme Leader of the Allied Shinobi Forces', 'Affiliation': 'Kumogakure\n Allied Shinobi Forces', 'Team': 'Eight-Tails Subduing Team\n A–B Combo', 'Partner': 'Killer B', 'Ninja Rank': 'Part II: Kage', 'Ninja Registration': 'CL2211', 'Family': 'Family\n\t\nA  (Father)\nKiller B (Adoptive Brother)\nBlue B (Cousin)', 'Nature Type': 'Nature Type\n        \n Lightning Release\n Earth Release\n Water Release', 'Jutsu': 'Jutsu\n\n\nBody Flicker Technique\n\n\nDrop Kick (Anime only)\n\n\nElbow\n\n\nGuillotine Drop\n\n\nIron Claw\n\n\nLiger Bomb\n\n\nLightning Oppression Horizontal\n\n\nLightning Oppression Horizontal Chop\n\n\nLightning Release Chakra Mode\n\n\nLightning Release: Double Lariat\n\n\nLightning Release: Lariat\n\n\nLightning Straight\n\n\nLightning Water Dragon Bullet', 'Tools': 'Tools\n\n\nChakra Cannon\n\n\nVambraces'}"
A (Second Raikage),"{'Manga': 'Naruto Chapter #527', 'Anime': 'Naruto Shippūden Episode #269', 'Appears in': 'Anime, Manga', 'Birthdate': 'March 1', 'Sex': 'Male', 'Status': 'Deceased', 'Height': 'Part II: 184.2 cm', 'Weight': 'Part II: 84.2 kg', 'Blood type': 'O', 'Occupation': 'Raikage', 'Affiliation': 'Kumogakure', 'Ninja Rank': 'Part II: Kage'}"
A (Third Raikage),"{'Manga': 'Naruto Chapter #494', 'Anime': 'Naruto Shippūden Episode #244', 'Game': 'Naruto Shippūden: Ultimate Ninja Storm 3', 'Appears in': 'Anime, Manga, Game', 'Japanese': 'Naoki Tamanoi', 'English': 'Beau Billingslea  (episodes 244-281; 302+)\nNeil Kaplan  (episodes 282-301)\nFred Tatasciore  (Ultimate Ninja Storm 3)', 'Birthdate': 'August 1', 'Sex': 'Male', 'Status': 'Deceased', 'Height': 'Part II: 205  cm', 'Weight': 'Part II: 105.1 kg', 'Blood type': 'O', 'Occupation': 'Raikage', 'Affiliation': 'Kumogakure', 'Team': 'Eight-Tails Subduing Team', 'Partner': 'Blue B', 'Ninja Rank': 'Part II: Kage', 'Family': 'Family\n\t\nA  (Son)\nBlue B (Nephew)\nKiller B (Adoptive son)', 'Nature Type': 'Nature Type\n        \n Lightning Release\n Earth Release\n Fire Release', 'Jutsu': 'Jutsu\n\n\nBlack Lightning\n\n\nBody Flicker Technique\n\n\nHell Stab\n\n\nLightning Release Chakra Mode\n\n\nLightning Straight', 'Tools': 'Tools\n\n\nKohaku no Jōhei'}"
Abiru,"{'Manga': 'Naruto Chapter #129', 'Anime': 'Naruto Episode #75', 'Appears in': 'Anime, Manga', 'English': 'Dave Wittenberg  (Part I)', 'Sex': 'Male', 'Age': 'Part I: 6', 'Affiliation': 'Sunagakure', 'Ninja Rank': 'Part I: Academy Student'}"
Ada,"{'Manga': 'Boruto Chapter #56', 'Anime': 'Boruto Episode #287', 'Appears in': 'Anime, Manga', 'Japanese': 'Kana Hanazawa', 'Sex': 'Female', 'Age': 'Boruto Manga: 16', 'Kekkei Genkai': 'Senrigan', 'Affiliation': 'Kara\n Konohagakure (Manga only)', 'Family': 'Family\n\t\nDaemon (Brother)', 'Jutsu': 'Jutsu\n\n\nOmnipotence', 'Tools': 'Tools'}"
Agara,"{'Manga': 'Naruto Chapter #487', 'Anime': 'Naruto Shippūden Episode #221', 'Appears in': 'Anime, Manga', 'Sex': 'Male', 'Age': 'Part II: 22', 'Status': 'Deceased', 'Affiliation': 'Takigakure', 'Ninja Rank': 'Part II: Chūnin'}"
Agari,"{'Manga': 'Naruto Chapter #31', 'Anime': 'Naruto Episode #18', 'Game': 'Naruto: Konoha Ninpōchō', 'Appears in': 'Anime, Manga, Game', 'Japanese': 'Yoshino Otori', 'English': 'Colleen Villard', 'Sex': 'Female', 'Age': 'Part I: 48', 'Affiliation': 'Land of Waves', 'Family': 'Family\n\t\nGiichi (Husband)'}"
Agari Kaisen,"{'Anime': 'Naruto Episode #175', 'Appears in': 'Anime', 'Japanese': 'Yutaka Nakano', 'English': 'John DeMita', 'Sex': 'Male', 'Occupation': 'Head of the Kedōin clan', 'Clan': 'Kedōin Clan', 'Jutsu': 'Jutsu\n\n\nFace Copying Technique'}"
Ageha,"{'Manga': 'Naruto Chapter #19', 'Anime': 'Naruto Episode #11', 'Novel': 'Naruto: Innocent Heart, Demonic Blood', 'Game': 'Naruto: Konoha Ninpōchō', 'Appears in': 'Anime, Manga, Novel, Game', 'Japanese': 'Kiyomi Asai', 'English': 'Kate Higgins', 'Sex': 'Female', 'Age': 'Part I: 7', 'Affiliation': 'Land of Waves'}"
Agira Ryūdōin,"{'Anime': 'Naruto Episode #196', 'Appears in': 'Anime', 'English': 'Keith Silverstein', 'Sex': 'Male', 'Status': 'Deceased', 'Family': 'Family\n\t\nGenshō Ryūdōin (Son)\nJakō Ryūdōin (Son)\nRokkaku Ryūdōin (Son)', 'Jutsu': 'Jutsu\n\n\nWooden Puppet Manipulation Technique'}"
Ahiko,"{'Manga': 'Naruto Chapter #350', 'Anime': 'Naruto Shippūden Episode #117', 'Appears in': 'Anime, Manga', 'Japanese': 'Ichirota Koizumi', 'Sex': 'Male', 'Age': 'Part II: 25', 'Occupation': 'Prisoner'}"
Aho Bird,"{'Anime': 'Naruto Episode #55', 'Game': 'Naruto: Ultimate Ninja Online', 'Appears in': 'Anime, Game', 'Species': 'Crow'}"
Aino,"{'Anime': 'Naruto Shippūden Episode #460', 'Appears in': 'Anime', 'Japanese': 'Ayako Takeuchi', 'English': 'Cassandra Morris', 'Sex': 'Female', 'Status': 'Deceased', 'Height': 'Part II: 159.7 cm', 'Occupation': 'Attendant of the Land of Ancestors', 'Affiliation': 'Land of Ancestors'}"
Ajisai,"{'Manga': 'Naruto Chapter #407', 'Anime': 'Naruto Shippūden Episode #155', 'Game': 'Naruto Shippūden: Ultimate Ninja Storm 2', 'OVA': 'Naruto x UT', 'Appears in': 'Anime, Manga, Game', 'Japanese': 'Shiho Hisajima', 'English': 'Stephanie Sheh \nKari Wahlgren   (Naruto Shippūden: Ultimate Ninja Storm 2)', 'Sex': 'Female', 'Status': 'Deceased', 'Height': 'Part II: 155.6  cm', 'Affiliation': 'Amegakure', 'Team': 'Team Ajisai (Anime only)', 'Ninja Rank': 'Part I: Genin\nPart II: Chūnin', 'Jutsu': 'Jutsu\n\n\nEnclosing Technique (Anime only)\n\n\nSummoning Technique (Panda) (Anime only)\n\n\nSummoning: Rainwater Gate (Anime only)\n\n\nUnsealing Technique (Anime only)\n\n\nUnsealing Technique: Paper Snowstorm (Anime only)\n\n\nUnsealing Technique: Shuriken (Anime only)'}"
Akaboshi,"{'Anime': 'Naruto Shippūden Episode #144', 'Appears in': 'Anime', 'Japanese': 'Akimitsu Takase', 'English': 'Christopher Corey Smith', 'Sex': 'Male', 'Team': 'Magaki Group', 'Nature Type': 'Nature Type\n        \n Lightning Release', 'Jutsu': 'Jutsu\n\n\nBarrier Shattering Technique\n\n\nChakra Transfer Technique\n\n\nCombination Transformation\n\n\nHurricane Thunderclap\n\n\nImpermanence of Worldly Things\n\n\nInfinite Embrace\n\n\nMultiple Infinite Embraces\n\n\nShadow Rope Technique\n\n\nTelegram Flash'}"
Akahoshi,"{'Anime': 'Naruto Episode #178', 'Appears in': 'Anime', 'Japanese': 'Mitsuru Miyamoto', 'English': 'Kirk Thornton', 'Sex': 'Male', 'Occupation': 'Hoshikage', 'Affiliation': 'Hoshigakure', 'Ninja Rank': 'Part I: Kage', 'Jutsu': 'Jutsu\n\n\nMysterious Peacock Method', 'Tools': 'Tools\n\n\nMeteorite'}"
Akamaru,"{'Manga': 'Naruto Chapter #39', 'Anime': 'Naruto Episode #23', 'Novel': 'Kakashi Hiden: Lightning in the Icy Sky', 'Movie': 'Naruto Shippūden the Movie: The Will of Fire', 'Game': 'Naruto: Konoha Ninpōchō', 'OVA': 'Hidden Leaf Village Grand Sports Festival!', 'Appears in': 'Anime, Manga, Novel, Game, Movie', 'Japanese': 'Junko Takeuchi \nKōsuke Toriumi   (Man-Beast Form)', 'English': 'Jamie Simone \nKyle Hebert   (Man-Beast Form)', 'Birthdate': 'July 7', 'Sex': 'Male', 'Species': 'Ninken', 'Age': 'Part I: 3–4\nPart II: 7–8', 'Height': 'Part I: 28 cm–29.1  cm\nPart II: 127.2  cm', 'Weight': 'Part I: 5.1 kg–5.3  kg\nPart II: 80.5  kg', 'Affiliation': 'Konohagakure\n Allied Shinobi Forces', 'Team': 'Team 8\n Konoha 11 (Anime only)\n Sasuke Recovery Team\n Bikōchū Search Team (Anime only)\n Team Two (Anime only)\n Eight Man Squad\n Fifth Division', 'Partner': 'Kiba Inuzuka', 'Clan': 'Inuzuka Clan', 'Jutsu': 'Jutsu\n\n\nBeast Human Clone\n\n\nCombination Transformation\n\n\nDynamic Marking\n\n\nFang Passing Fang\n\n\nFang Rotating Fang\n\n\nFang Wolf Fang\n\n\nHuman Beast Combination Transformation: Double-Headed Wolf\n\n\nHuman Beast Mixture Transformation — Three-Headed Wolf\n\n\nPassing Fang\n\n\nSuper Fang Wolf Fang (Anime only)\n\n\nTail Chasing Fang Fang Rotating Fang', 'Tools': 'Tools\n\n\nMilitary Rations Pill'}"
Akane,"{'Manga': 'Naruto Chapter #20', 'Anime': 'Naruto Episode #11', 'Appears in': 'Anime, Manga', 'Japanese': 'Yūko Satō\nToa Yukinari   (Part II)', 'English': 'Julianne Buescher \nLaura Bailey   (Part II)', 'Sex': 'Male', 'Age': 'Part I: 9', 'Occupation': 'Carpenter', 'Affiliation': 'Land of Waves', 'Family': ""Family\n\t\nAkane's Father (Father) (Anime only)""}"
Akane (Kunoichi),"{'Anime': 'Naruto Shippūden Episode #479', 'Novel': 'The Last: Naruto the Movie', 'Movie': 'The Last: Naruto the Movie', 'Appears in': 'Anime, Novel, Movie', 'Japanese': 'Riho Takada', 'English': 'Debi Mae West', 'Sex': 'Female', 'Affiliation': 'Konohagakure', 'Team': ""Naruto's Fan Girls""}"
Akane's Father,"{'Anime': 'Naruto Shippūden Episode #180', 'Appears in': 'Anime', 'English': 'Patrick Seitz', 'Sex': 'Male', 'Affiliation': 'Land of Waves', 'Family': 'Family\n\t\nAkane (Son)'}"
Akari,"{'Anime': 'Boruto Episode #210', 'Appears in': 'Anime', 'Japanese': 'Haruna Kakiage', 'English': 'Colleen Villard', 'Sex': 'Female', 'Occupation': 'Cultist', 'Family': 'Family\n\t\nKagari  (Brother)'}"
Akari Tatsushiro,"{'Game': 'Naruto Shippūden: Dragon Blade Chronicles', 'Appears in': 'Game', 'Japanese': 'Sanae Kobayashi', 'English': 'Eden Riegel', 'Sex': 'Female', 'Age': 'Part II: 16', 'Clan': 'Ryū Clan', 'Family': 'Family\n\t\nKuroma Tatsushiro (Brother)'}"
Akatsuchi,"{'Manga': 'Naruto Chapter #454', 'Anime': 'Naruto Shippūden Episode #199', 'Novel': 'Kakashi Hiden: Lightning in the Icy Sky', 'Movie': 'The Last: Naruto the Movie', 'Game': 'Naruto Shippūden 3D: The New Era', 'Appears in': 'Anime, Manga, Novel, Game, Movie', 'Japanese': 'Kenta Miyake', 'English': 'Kyle Hebert', 'Birthdate': 'January 11', 'Sex': 'Male', 'Age': 'Part II: 20', 'Height': 'Part II: 200 cm\nGaiden: 212.8  cm', 'Weight': 'Part II: 137 kg', 'Blood type': 'B', 'Occupation': ""Tsuchikage's Bodyguard\nTsuchikage's Assistant"", 'Affiliation': 'Iwagakure\n Allied Shinobi Forces', 'Partner': 'Kurotsuchi', 'Ninja Rank': 'Part II: Jōnin', 'Ninja Registration': 'IW-08718', 'Nature Type': 'Nature Type\n        \n Earth Release', 'Jutsu': 'Jutsu\n\n\nEarth Release: Fist Rock Technique (Anime only)\n\n\nEarth Release: Golem Technique\n\n\nEarth Release: Reverse Antlion (Anime only)\n\n\nEarth Release: Sandwich Technique (Anime only)'}"
Akebi Sanzu,"{'Manga': 'Boruto Chapter #75', 'Anime': 'Boruto Episode #220 (Mentioned)', 'Appears in': 'Anime, Manga', 'Sex': 'Female', 'Age': 'Boruto Manga: 24', 'Status': 'Deceased', 'Family': 'Family\n\t\nAmado Sanzu (Father)\nDelta (Clone)'}"
Akemaru,"{'Anime': 'Boruto Episode #93', 'Novel': 'Naruto Shinden: Parent and Child Day', 'Appears in': 'Anime, Novel', 'Sex': 'Male', 'Species': 'Ninken', 'Affiliation': 'Konohagakure', 'Clan': 'Inuzuka Clan'}"
Akino,"{'Manga': 'Naruto Chapter #29', 'Anime': 'Naruto Episode #17', 'Novel': 'Naruto: Innocent Heart, Demonic Blood', 'Movie': 'Road to Ninja: Naruto the Movie', 'Game': 'Naruto: Ultimate Ninja', 'Appears in': 'Anime, Manga, Novel, Game, Movie', 'Sex': 'Male', 'Species': 'Ninken', 'Classification': 'Summon', 'Affiliation': 'Konohagakure', 'Jutsu': 'Jutsu\n\n\nCircular Formation (Anime only)\n\n\nCrane Wing Formation (Anime only)\n\n\nDog Wall Formation (Anime only)\n\n\nNinken Ninja Art: Dance of the Dust Cloud (Anime only)'}"
Akio,"{'Anime': 'Naruto Episode #209', 'Appears in': 'Anime', 'Japanese': 'Satoshi Hino \nMami Shitara  (Child)', 'English': 'Johnny Yong Bosch', 'Sex': 'Male', 'Affiliation': 'Land of Forests', 'Family': 'Family\n\t\nTodoroki (Brother)', 'Tools': 'Tools\n\n\nSpear\n\n\nSword'}"
Akita Inuzuka,"{'Manga': 'Boruto Chapter #18', 'Anime': 'Boruto Episode #183', 'Appears in': 'Anime, Manga', 'Japanese': 'Kyōko Hikami', 'English': 'Erin Yvette', 'Birthdate': 'April 20', 'Sex': 'Female', 'Occupation': ""Scientist\nKatasuke Tōno's Assistant"", 'Affiliation': 'Konohagakure', 'Team': 'Scientific Ninja Weapons Team', 'Partner': 'Chamaru', 'Clan': 'Inuzuka Clan', 'Jutsu': 'Jutsu\n\n\nFang Passing Fang\n\n\nFour Legs Technique\n\n\nPassing Fang', 'Tools': 'Tools\n\n\nShinobi Gauntlet (Anime only)'}"
Akkun,"{'Anime': 'Boruto Episode #81', 'Appears in': 'Anime', 'Japanese': 'Ryōko Shiraishi', 'Species': 'Akuta', 'Status': 'Deceased', 'Affiliation': 'Iwagakure\n Konohagakure', 'Team': 'Fabrications', 'Family': 'Family\n\t\nInojin Yamanaka (Owner)'}"
Amachi,"{'Anime': 'Naruto Episode #170', 'Appears in': 'Anime', 'Japanese': 'Hideyuki Umezu', 'English': 'Doug Stone', 'Sex': 'Male', 'Classification': 'Medical-nin', 'Occupation': 'Scientist', 'Affiliation': 'Land of the Sea\n Otogakure', 'Nature Type': 'Nature Type\n        \n Water Release', 'Jutsu': 'Jutsu\n\n\nKaima Form\n\n\nScale Senbon\n\n\nSummoning Technique (Umibōzu)\n\n\nWater Release: Large Projectile', 'Tools': 'Tools\n\n\nScalpel'}"
Amado Sanzu,"{'Manga': 'Boruto Chapter #26', 'Anime': 'Boruto Episode #179', 'Game': 'Naruto x Boruto: Ninja Voltage', 'Appears in': 'Anime, Manga, Game', 'Japanese': 'Akio Ōtsuka', 'English': 'Greg Chun', 'Sex': 'Male', 'Occupation': 'Scientist\nInner  (Former)', 'Affiliation': 'Kara\n Konohagakure', 'Team': 'Scientific Ninja Weapons Team', 'Family': 'Family\n\t\nAkebi Sanzu (Daughter)\nDelta (Creation/Clone Daughter)\nKoji Kashin (Creation)', 'Nature Type': 'Nature Type\n        \n Yin Release', 'Jutsu': 'Jutsu\n\n\nGenjutsu Communication', 'Tools': 'Tools\n\n\nSpace-Time Gate'}"
Amagi,"{'Novel': 'Gaara Hiden: A Sandstorm Mirage', 'Appears in': 'Novel', 'Sex': 'Male', 'Affiliation': 'Sunagakure', 'Team': 'Counter-Terrorism Division', 'Ninja Rank': 'Blank Period: Chūnin', 'Chūnin Prom. Age': '13', 'Jutsu': 'Jutsu\n\n\nManipulating Attack Blades', 'Tools': 'Tools\n\n\nKatar'}"
Amagi Izuno,"{'Anime': 'Boruto Episode #224', 'Appears in': 'Anime', 'Japanese': 'Rikako Aikawa', 'Sex': 'Female', 'Occupation': 'Head of the Izuno Clan', 'Affiliation': 'Konohagakure', 'Clan': 'Izuno Clan', 'Family': 'Family\n\t\nDaruma Izuno (Son)\nWasabi Izuno (Granddaughter)'}"
Amai,"{'Anime': 'Naruto Shippūden Episode #286', 'Appears in': 'Anime', 'Japanese': 'Tomohiro Tsuboi', 'English': 'Nicolas Roye', 'Sex': 'Male', 'Classification': 'Medical-nin', 'Affiliation': 'Kumogakure', 'Jutsu': 'Jutsu\n\n\nMystical Palm Technique'}"
Amaru,"{'Movie': 'Naruto Shippūden the Movie: Bonds', 'Appears in': 'Movie', 'Japanese': 'Motoko Kumai', 'English': 'Michelle Ruff', 'Sex': 'Female', 'Age': 'Part II: 15', 'Height': 'Part II: 159  cm', 'Occupation': 'Apprentice Doctor', 'Affiliation': 'Land of Fire', 'Tools': 'Tools\n\n\nScalpel\n\n\nWinged Mechanical Device'}"
Amayo,"{'Movie': 'Naruto the Movie: Guardians of the Crescent Moon Kingdom', 'Appears in': 'Movie', 'Japanese': 'Marika Hayashi', 'English': 'Bridget Hoffman', 'Sex': 'Female', 'Family': 'Family\n\t\nHikaru Tsuki (Son)\nMichiru Tsuki (Ex-Husband)'}"
Ameno,"{'Anime': 'Naruto Shippūden Episode #395', 'Appears in': 'Anime', 'Japanese': 'Arisa Shida', 'English': 'Dorothy Elias-Fahn', 'Sex': 'Female', 'Height': 'Part I: 162  cm', 'Classification': 'Medical-nin', 'Affiliation': 'Sunagakure', 'Team': 'Team Ameno', 'Ninja Rank': 'Part I: Genin', 'Nature Type': 'Nature Type\n        \n Water Release', 'Jutsu': 'Jutsu\n\n\nMedical Water Release: Jellyfish\n\n\nMedical Water Release: Water Mosquito\n\n\nMedical Water Release: Water Scorpion\n\n\nMystical Palm Technique', 'Tools': 'Tools\n\n\nScalpel'}"
Ameyuki,"{'Novel': 'Akatsuki Hiden: Evil Flowers in Full Bloom', 'Appears in': 'Novel', 'Sex': 'Male', 'Status': 'Deceased', 'Kekkei Genkai': 'Mud Release', 'Affiliation': 'Shangri-la', 'Nature Type': 'Nature Type\n        \n Mud Release\n Earth Release\n Water Release', 'Jutsu': 'Jutsu\n\n\nMud Release: Bottomless Mud Hole\n\n\nMud Release: Landslide\n\n\nMud Release: Mud Doll\n\n\nMud Release: Muddy Water Wall'}"
Ameyuri Ringo,"{'Manga': 'Naruto Chapter #522', 'Anime': 'Naruto Shippūden Episode #265', 'Game': 'Naruto Shippūden: Ultimate Ninja Storm 3', 'Appears in': 'Anime, Manga, Game', 'Japanese': 'Seiko Tamura', 'English': 'Michelle Ruff', 'Birthdate': 'June 7', 'Sex': 'Female', 'Status': 'Deceased', 'Height': 'Part II: 143.5 cm', 'Weight': 'Part II: 45 kg', 'Blood type': 'AB', 'Affiliation': 'Kirigakure', 'Team': 'Seven Ninja Swordsmen of the Mist', 'Ninja Rank': 'Part II: Jōnin', 'Nature Type': 'Nature Type\n        \n Lightning Release (Anime only)', 'Jutsu': 'Jutsu\n\n\nLightning Release: Depth Charge (Anime only)\n\n\nLightning Release: Lightning Fang (Anime only)\n\n\nLightning Release: Thunder Gate (Anime only)\n\n\nSilent Killing\n\n\nThunderswords Technique: Thunderbolt (Anime only)', 'Tools': 'Tools\n\n\nKiba'}"
Ami,"{'Manga': 'Naruto Chapter #71', 'Anime': 'Naruto Episode #41', 'Appears in': 'Anime, Manga', 'Japanese': 'Ema Kogure', 'English': 'Julianne Buescher', 'Sex': 'Female', 'Age': 'Part I: 12', 'Affiliation': 'Konohagakure', 'Ninja Rank': 'Part I: Academy Student'}"
Amino,"{'Anime': 'Naruto Shippūden Episode #484', 'Novel': 'Sasuke Shinden: Book of Sunrise', 'Appears in': 'Anime, Novel', 'Japanese': 'Ryōka Yuzuki', 'Sex': 'Female', 'Status': 'Deceased', 'Affiliation': 'Bamboo Village', 'Family': 'Family\n\t\nIō  (Father)'}"
Amuda,"{'Novel': 'Sasuke Shinden: Book of Sunrise', 'Appears in': 'Novel', 'Sex': 'Male', 'Affiliation': 'Kirigakure', 'Team': 'Lightning Group'}"
Anaguma,"{'Anime': 'Boruto Episode #275', 'Appears in': 'Anime', 'Japanese': 'Ryūichi Kijima', 'Sex': 'Male', 'Occupation': 'Bounty Hunter', 'Affiliation': 'Kirigakure', 'Nature Type': 'Nature Type\n        \n Water Release', 'Jutsu': 'Jutsu\n\n\nWater Release: Water Snake Threads'}"
Anato,"{'Anime': 'Boruto Episode #158', 'Appears in': 'Anime', 'Japanese': 'Katsunori Okai', 'English': 'Cory Yee', 'Sex': 'Male', 'Status': 'Deceased', 'Occupation': 'Researcher', 'Affiliation': 'Land of Valleys', 'Family': 'Family\n\t\nMia (Wife)'}"
Anbu Commander,"{'Manga': 'Naruto Chapter #121', 'Anime': 'Naruto Episode #72', 'Game': 'Naruto: Ultimate Ninja Online', 'Appears in': 'Anime, Manga, Game', 'Japanese': 'Kōzō Dōzaka', 'English': 'Steve Staley  (Part I)', 'Sex': 'Male', 'Occupation': 'Head Anbu', 'Affiliation': 'Konohagakure', 'Ninja Rank': 'Part I: Anbu', 'Jutsu': 'Jutsu', 'Tools': 'Tools\n\n\nSword'}"
Aniki,"{'Anime': 'Naruto Episode #101', 'Game': 'Naruto: Path of the Ninja 2', 'Appears in': 'Anime, Game', 'Japanese': 'Yutaka Aoyama', 'English': 'Steven Blum', 'Sex': 'Male', 'Height': 'Part I: 181 cm', 'Team': 'Moya Triad', 'Tools': 'Tools\n\n\nPoison'}"
Aniki (missing-nin),"{'Anime': 'Boruto Episode #266', 'Appears in': 'Anime', 'Japanese': 'Ryūichi Kijima', 'Sex': 'Male', 'Classification': 'Missing-nin', 'Ninja Rank': 'Boruto Manga: Genin', 'Nature Type': 'Nature Type\n        \n Fire Release', 'Jutsu': 'Jutsu\n\n\nFire Release: Fire Dragon Wall\n\n\nFire Release: Great Fireball Technique\n\n\nFire Release: Phoenix Sage Fire Technique'}"
Anko Mitarashi,"{'Manga': 'Naruto Chapter #44', 'Anime': 'Naruto Episode #21', 'Movie': 'Naruto Shippūden the Movie', 'Game': 'Naruto: Ninja Council', 'OVA': 'Finally a clash! Jōnin vs. Genin!! Indiscriminate Grand Melee Tournament Meeting!!', 'Appears in': 'Anime, Manga, Game, Movie', 'Japanese': 'Takako Honda', 'English': 'Julianne Buescher  (Chūnin Exams (Arc) - Kurosuki Family Removal Mission and Fourth Shinobi World War: Confrontation)\nLaura Bailey  (Kaima Capture Mission and Part II)\nCherami Leigh  (Academy Entrance Arc and onwards)\nKari Wahlgren  (Ultimate Ninja 2)', 'Birthdate': 'October 24', 'Sex': 'Female', 'Age': 'Part I: 24\nPart II: 28', 'Height': 'Part I: 167  cm', 'Weight': 'Part I: 45.8  kg', 'Blood type': 'A', 'Occupation': 'Chūnin Exams Proctor\nAcademy Teacher\nGenin Exams Proctor  (Anime only)', 'Affiliation': 'Konohagakure\n Ryūchi Cave\n Allied Shinobi Forces', 'Team': 'Team Orochimaru\n Kaima Capture Team (Anime only)\n Infiltration and Reconnaissance Party', 'Ninja Rank': 'Part I: Tokubetsu Jōnin', 'Ninja Registration': '011226', 'Academy Grad. Age': '10', 'Chūnin Prom. Age': '12', 'Nature Type': 'Nature Type\n        \n Fire Release (Anime only)\n Yin Release (Anime only)', 'Jutsu': 'Jutsu\n\n\nCursed Seal of Heaven\n\n\nFire Release: Dragon Fire Technique (Anime only)\n\n\nHidden Shadow Snake Hands\n\n\nMany Hidden Shadow Snake Hands\n\n\nSly Mind Affect Technique (Anime only)\n\n\nSnake Clone Technique (Anime only)\n\n\nSummoning Technique (Snake)\n\n\nTwin Snakes Mutual Death Technique', 'Tools': 'Tools\n\n\nKatar (Manga only)\n\n\nSenbon (Anime only)'}"
Ankorodō Shop Owner,"{'Anime': 'Boruto Episode #94', 'Novel': 'Naruto Shinden: Parent and Child Day', 'Appears in': 'Anime, Novel', 'Japanese': 'Mizue Ōtsuka', 'Sex': 'Female', 'Occupation': 'Shop owner', 'Affiliation': 'Konohagakure\n Ankorodō', 'Nature Type': 'Nature Type\n        \n Earth Release', 'Jutsu': 'Jutsu\n\n\nAnkorodō Hiden Ninjutsu: Mochi Release: Infinite Dumplings'}"
Ao,"{'Manga': 'Naruto Chapter #454', 'Anime': 'Naruto Shippūden Episode #199', 'Novel': 'Sasuke Shinden: Book of Sunrise (Mentioned)', 'Game': 'Naruto Shippūden: Ultimate Ninja Impact', 'Appears in': 'Anime, Manga, Novel, Game', 'Japanese': 'Tadahisa Saizen', 'English': 'Steven Blum', 'Birthdate': 'August 1', 'Sex': 'Male', 'Age': 'Part II: 46', 'Status': 'Deceased', 'Height': 'Part II: 182 cm', 'Weight': 'Part II: 70.9 kg', 'Blood type': 'A', 'Kekkei Genkai': 'Byakugan', 'Classification': 'Sensor Type\nHunter-nin', 'Occupation': ""Fifth Mizukage's Bodyguard\nCaptain of the Sensor Division of the Allied Shinobi Forces\nOuter"", 'Affiliation': 'Kirigakure\n Allied Shinobi Forces\n Kara', 'Team': 'Sensor Division', 'Partner': 'Heki', 'Ninja Rank': 'Part II: Jōnin', 'Nature Type': 'Nature Type\n        \n Water Release\n Yin Release', 'Jutsu': 'Jutsu\n\n\nBarrier Talisman: Armoured Eye\n\n\nSensing Technique\n\n\nSensing Water Sphere\n\n\nWater Release: Water Colliding Wave', 'Tools': 'Tools\n\n\nChakra Blade\n\n\nJutsu Absorption Arm\n\n\nMirror Drone\n\n\nShinobi Gauntlet'}"
Aoba Yamashiro,"{'Manga': 'Naruto Chapter #93', 'Anime': 'Naruto Episode #67', 'Novel': 'Sasuke Shinden: Book of Sunrise', 'Movie': 'Naruto the Movie: Blood Prison', 'Game': 'Naruto Shippūden: Ultimate Ninja Storm 3', 'OVA': 'Hidden Leaf Village Grand Sports Festival!', 'Appears in': 'Anime, Manga, Novel, Game, Movie', 'Japanese': 'Kenjirō Tsuda', 'English': 'Wally Wingert', 'Birthdate': 'September 3', 'Sex': 'Male', 'Age': 'Part I: 30\nPart II: 34', 'Height': 'Part I: 178  cm', 'Weight': 'Part I: 66  kg', 'Blood type': 'O', 'Affiliation': 'Konohagakure\n Allied Shinobi Forces', 'Team': 'Twenty Platoons\n Intelligence Division', 'Ninja Rank': 'Part I: Tokubetsu Jōnin', 'Ninja Registration': '009744', 'Nature Type': 'Nature Type\n        \n Fire Release (Anime only)', 'Jutsu': 'Jutsu\n\n\nFire Release: Fire Dragon Bullet (Anime only)\n\n\nPsycho Mind Transmission\n\n\nScattering Thousand Crows Technique\n\n\nSecret Technique Stone Needles'}"
Aoda,"{'Manga': 'Naruto Chapter #633', 'Anime': 'Naruto Shippūden Episode #373', 'Novel': 'Sasuke Shinden: Book of Sunrise', 'Game': 'Naruto Shippūden: Ultimate Ninja Storm Revolution', 'Appears in': 'Anime, Manga, Novel, Game', 'Japanese': 'Kōsuke Gotō', 'English': 'Patrick Seitz', 'Birthdate': 'October 1', 'Sex': 'Male', 'Species': 'Snake', 'Classification': 'Summon', 'Affiliation': 'Ryūchi Cave\n Konohagakure'}"
Aoi (game),"{'Game': 'Naruto Shippūden: Ultimate Ninja 4', 'Appears in': 'Game', 'Japanese': 'Masumi Asano', 'English': 'Laura Bailey', 'Sex': 'Female', 'Affiliation': 'Tree Felling Village', 'Family': 'Family\n\t\nTsubaki  (Mother)'}"
Aoi Rokushō,"{'Anime': 'Naruto Episode #102', 'Game': 'Naruto: The Broken Bond', 'Appears in': 'Anime, Game', 'Japanese': 'Ryōtarō Okiayu', 'English': 'Cam Clarke', 'Sex': 'Male', 'Status': 'Deceased', 'Height': 'Part I: 182.5  cm', 'Classification': 'Missing-nin', 'Affiliation': 'Konohagakure\n Amegakure', 'Team': 'Team Oboro', 'Ninja Rank': 'Part I: Jōnin', 'Nature Type': 'Nature Type\n        \n Water Release', 'Jutsu': 'Jutsu\n\n\nSenbon Shower\n\n\nUmbrella Shock Wave', 'Tools': 'Tools\n\n\nPoison\n\n\nSenbon\n\n\nSword of the Thunder God\n\n\nUmbrella'}"
Aoneko,"{'Game': 'Naruto: Ultimate Ninja Online', 'Appears in': 'Game', 'Sex': 'Male', 'Species': 'Cat', 'Occupation': 'Cat Quiz Proprietor', 'Affiliation': 'Konohagakure', 'Nature Type': 'Nature Type\n        \n Water Release'}"
Aosa,"{'Anime': 'Boruto Episode #229', 'Appears in': 'Anime', 'Japanese': 'Jin Domon', 'Sex': 'Male', 'Classification': 'Medical-nin', 'Affiliation': 'File:Land of Calm Seas Symbol.svg Land of Calm Seas'}"
Arai,"{'Anime': 'Boruto Episode #141', 'Appears in': 'Anime', 'Japanese': 'Ryōta Suzuki', 'English': 'Todd Haberkorn', 'Sex': 'Male'}"
Arashi,"{'Anime': 'Naruto Episode #137', 'Appears in': 'Anime', 'Japanese': 'Hikaru Midorikawa', 'English': 'Benjamin Diskin', 'Sex': 'Male', 'Status': 'Deceased', 'Affiliation': 'Otogakure', 'Clan': 'Fūma Clan (Land of Sound)', 'Family': 'Family\n\t\nSasame (Younger Cousin)', 'Jutsu': 'Jutsu\n\n\nCasualty Puppet\n\n\nCurse Mandala'}"
Arashi Umeya,"{'OVA': 'Chūnin Exam on Fire! Naruto vs. Konohamaru!', 'Appears in': 'Anime', 'Sex': 'Male', 'Affiliation': 'Sunagakure', 'Ninja Rank': 'Part II: Genin', 'Nature Type': 'Nature Type\n        \n Lightning Release', 'Tools': 'Tools\n\n\nKama'}"
Araumi Funato,"{'Anime': 'Boruto Episode #233', 'Appears in': 'Anime', 'Japanese': 'Shigeru Chiba', 'Sex': 'Male', 'Occupation': 'Head of the Funato Clan\nPirate', 'Affiliation': 'Land of Water', 'Clan': 'Funato Clan', 'Family': 'Family\n\t\nIkada Funato (Son)\nIsari Funato (Son)\nSeiren Funato (Daughter)\nMinamo Funato (Wife)\nTenma Funato (Adoptive Son)', 'Nature Type': 'Nature Type\n        \n Water Release', 'Unique Traits': 'Unique Traits\n\t\nGills', 'Jutsu': 'Jutsu\n\n\nWater Release: Blood Conversion Technique', 'Tools': 'Tools\n\n\nChakra Cannon\n\n\nMarlin Harpoon\n\n\nSpear'}"
Araya,"{'Manga': 'Boruto Chapter #3', 'Anime': 'Boruto Episode #55', 'Novel': 'Boruto: Naruto the Movie', 'Movie': 'Boruto: Naruto the Movie', 'Appears in': 'Anime, Manga, Novel, Movie', 'Japanese': 'Junji Iki', 'English': 'Catero Colbert', 'Birthdate': 'March 13', 'Sex': 'Male', 'Height': 'Gaiden: 153  cm', 'Affiliation': 'Sunagakure', 'Team': 'Team Shinki', 'Ninja Rank': 'Gaiden: Chūnin', 'Jutsu': 'Jutsu\n\n\nPuppet Technique (Anime only)', 'Tools': 'Tools\n\n\nSanshōuo (Anime only)\n\n\nSpear (Anime only)\n\n\nSword'}"
Armadiko,"{'Manga': 'Naruto Chapter #513', 'Anime': 'Naruto Shippūden Episode #254', 'Appears in': 'Anime, Manga', 'Sex': 'Male', 'Species': 'Armadillo', 'Affiliation': 'Kumogakure'}"
Asaka,"{'Anime': 'Boruto Episode #160', 'Appears in': 'Anime', 'Japanese': 'Yūsuke Hoshino\nSara Matsumoto  (Female)', 'English': 'Landon McDonald', 'Sex': 'Male', 'Status': 'Deceased', 'Affiliation': 'File:Land of Haze Symbol.svg Land of Haze', 'Team': 'Haze Quadruplets', 'Family': 'Family\n\t\nHiruga (Brother)\nYoruga (Brother)\nYūga (Brother)', 'Nature Type': 'Nature Type\n        \n Water Release', 'Jutsu': 'Jutsu\n\n\nHaze Ninja Art: Forbidden Technique: Red Spider Lily\n\n\nWater Clone Technique', 'Tools': 'Tools\n\n\nPoison\n\n\nTantō'}"
Asaki,"{'Anime': 'Boruto Episode #117', 'Appears in': 'Anime', 'Japanese': 'Yōko Ōsawa', 'Sex': 'Female', 'Occupation': ""Remon's attendant"", 'Affiliation': 'Daidai Village', 'Clan': 'Yoimura Clan'}"
Asami,"{'Manga': 'Konoha Shinden Chapter #10', 'Anime': 'Boruto Episode #108 (Mentioned)', 'Novel': 'Konoha Shinden: Steam Ninja Scrolls  (Mentioned)', 'Appears in': 'Anime, Manga, Novel', 'Sex': 'Female', 'Status': 'Deceased', 'Family': 'Family\n\t\nTatsumi (Daughter)'}"
Ashimaru,"{'Anime': 'Boruto Episode #40', 'Appears in': 'Anime', 'Japanese': 'Ryūnosuke Watanuki', 'English': 'Aaron LaPlante', 'Sex': 'Male', 'Status': 'Deceased', 'Classification': 'Missing-nin\nMercenary Ninja', 'Partner': 'Hidari', 'Tools': 'Tools\n\n\nSword'}"
Ashina,"{'Anime': 'Boruto Episode #67', 'Appears in': 'Anime', 'Japanese': 'Chika Anzai', 'English': 'Cristina Vee', 'Sex': 'Female', 'Occupation': 'Actress', 'Affiliation': 'Konohagakure'}"
Ashina Uzumaki,"{'Manga': 'Naruto Chapter #500', 'Anime': 'Naruto Shippūden Episode #247', 'Appears in': 'Anime, Manga', 'Sex': 'Male', 'Age': 'Part II: 67', 'Status': 'Deceased', 'Occupation': 'Leader of the Uzumaki Clan', 'Affiliation': 'Uzushiogakure', 'Clan': 'Uzumaki Clan', 'Jutsu': 'Jutsu\n\n\nUzumaki Sealing Technique (Anime only)', 'Tools': 'Tools\n\n\nSword'}"
Ashitaba,"{'Anime': 'Naruto Shippūden Episode #434', 'Appears in': 'Anime', 'Japanese': 'Aoi Inase', 'English': 'Roger Craig Smith', 'Sex': 'Male', 'Status': 'Deceased', 'Height': 'Part I: 128  cm', 'Family': 'Family\n\t\nKaya (Mother)\nKomichi (Brother)'}"
Asuma Sarutobi,"{'Manga': 'Naruto Chapter #34', 'Anime': 'Naruto Episode #3', 'Novel': 'Konoha Shinden: Steam Ninja Scrolls  (Mentioned)', 'Movie': 'Naruto Shippūden the Movie: The Will of Fire', 'Game': 'Naruto: Konoha Ninpōchō', 'OVA': 'Hidden Leaf Village Grand Sports Festival!', 'Appears in': 'Anime, Manga, Novel, Game, Movie', 'Japanese': 'Jūrōta Kosugi\nFujiko Takimoto   (Child)', 'English': 'Doug Erholtz', 'Birthdate': 'October 18', 'Sex': 'Male', 'Age': 'Part I: 27–28\nPart II: 31', 'Status': 'Deceased', 'Height': 'Part I: 190.8  cm', 'Weight': 'Part I: 81.6  kg', 'Blood type': 'O', 'Affiliation': 'Konohagakure', 'Team': 'Twelve Guardian Ninja\n Team 10\n Twenty Platoons', 'Clan': 'Sarutobi Clan', 'Ninja Rank': 'Part I: Jōnin', 'Ninja Registration': '010829', 'Academy Grad. Age': '9', 'Chūnin Prom. Age': '12', 'Family': 'Family\n\t\nSasuke Sarutobi (Grandfather)\nHiruzen Sarutobi (Father)\nBiwako Sarutobi (Mother)\nMirai Sarutobi (Daughter)\nKonohamaru Sarutobi (Nephew)\nKurenai Yūhi (Spouse)', 'Nature Type': 'Nature Type\n        \n Wind Release (Affinity)\n Fire Release', 'Jutsu': 'Jutsu\n\n\nChakra Blade: Straight Line\n\n\nFire Release: Ash Pile Burning\n\n\nFire Release: Flint Yagura Technique (Anime only)\n\n\nFlying Swallow\n\n\nWelcoming Approach: Thousand-Armed Murder (Anime only)\n\n\nWind Release: Dust Cloud Technique\n\n\nWind Release: Verdant Mountain Gale (Anime only)', 'Tools': 'Tools\n\n\nChakra Blade'}"
Asura Path (character),"{'Manga': 'Naruto Chapter #379', 'Anime': 'Naruto Shippūden Episode #127', 'Game': 'Naruto Shippūden: Ultimate Ninja Heroes 3', 'OVA': 'Naruto x UT', 'Appears in': 'Anime, Manga, Game', 'Japanese': 'Jin Urayama', 'English': 'Kirk Thornton', 'Sex': 'Male', 'Status': 'Deceased', 'Height': 'Part II: 189  cm', 'Occupation': 'Mercenary', 'Jutsu': 'Jutsu\n\n\nPuppet Technique (Anime only)'}"
Asura Ōtsutsuki,"{'Manga': 'Naruto Chapter #462', 'Anime': 'Naruto Shippūden Episode #203', 'Novel': 'The Last: Naruto the Movie', 'Movie': 'The Last: Naruto the Movie', 'Game': 'Naruto Shippūden: Ultimate Ninja Impact', 'Appears in': 'Anime, Manga, Novel, Game, Movie', 'Japanese': 'Ōki Sugiyama\nMomoko Ōhara (Child)', 'English': 'Chris Hackney \nAlex Cazares  (Child)', 'Birthdate': 'June 8', 'Sex': 'Male', 'Species': 'Celestial Being-Human hybrid', 'Status': 'Deceased', 'Kekkei Genkai': 'Wood Release  (Anime only)', 'Classification': 'Sage\nSensor Type', 'Affiliation': 'Land of Ancestors (Anime only)', 'Clan': 'Ōtsutsuki Clan', 'Family': 'Family\n\t\nKaguya Ōtsutsuki (Grandmother)\nTenji (Grandfather) (Anime only)\nHagoromo Ōtsutsuki (Father)\nHamura Ōtsutsuki (Uncle)\nIndra Ōtsutsuki (Brother)\nKanna (Wife) (Anime only)', 'Nature Type': 'Nature Type\n        \n Wood Release (Anime only)\n Wind Release\n Lightning Release\n Earth Release\n Water Release\n Fire Release\n Yin Release\n Yang Release\n Yin–Yang Release', 'Jutsu': 'Jutsu\n\n\nAmenomihashira (Anime only)\n\n\nChakra Transfer Technique (Anime only)\n\n\nHands of Bonds (Anime only)\n\n\nMystical Palm Technique (Anime only)\n\n\nSage Art Wood Release: True Several Thousand Hands (Anime only)\n\n\nSensing Technique (Anime only)\n\n\nSix Paths Senjutsu\n\n\nSix Paths: Kunitsukami\n\n\nSwift Wind Wall (Anime only)\n\n\nTop Transformed Buddha (Anime only)\n\n\nTruth-Seeking Ball', 'Tools': 'Tools\n\n\nShakujō\n\n\nSword'}"
Atsui,"{'Manga': 'Naruto Chapter #527', 'Anime': 'Naruto Shippūden Episode #269', 'Game': 'Naruto Mobile', 'Appears in': 'Anime, Manga, Game', 'Japanese': 'Shinobu Matsumoto', 'English': 'Todd Haberkorn', 'Birthdate': 'August 2', 'Sex': 'Male', 'Age': 'Part II: 19', 'Height': 'Part II: 180 cm', 'Weight': 'Part II: 65.3 kg', 'Blood type': 'O', 'Affiliation': 'Kumogakure\n Allied Shinobi Forces', 'Team': 'First Division', 'Ninja Rank': 'Part II: Chūnin', 'Ninja Registration': 'CL6265', 'Family': 'Family\n\t\nSamui (Sister)', 'Nature Type': 'Nature Type\n        \n Fire Release', 'Jutsu': 'Jutsu\n\n\nCloud-Style Flame Beheading', 'Tools': 'Tools\n\n\nSword'}"
Awaji Unabara,"{'Anime': 'Boruto Episode #233', 'Appears in': 'Anime', 'Japanese': 'Yōhei Matsuoka', 'Sex': 'Male', 'Status': 'Deceased', 'Affiliation': 'Land of Water', 'Family': 'Family\n\t\nSanzui Unabara (Father)'}"
Ayame,"{'Manga': 'Databook #1', 'Anime': 'Naruto Episode #52', 'Novel': 'Konoha Hiden: The Perfect Day for a Wedding', 'Movie': 'Naruto Shippūden the Movie: The Will of Fire', 'Game': 'Naruto: Konoha Ninpōchō', 'OVA': 'Finally a clash! Jōnin vs. Genin!! Indiscriminate Grand Melee Tournament Meeting!!', 'Appears in': 'Anime, Manga, Novel, Game, Movie', 'Japanese': 'Masayo Hosono', 'English': 'Danielle Judovits \nKate Higgins  (Naruto: Ultimate Ninja and Episodes 79-101)\nLaura Bailey  (Episodes 63 and 90)', 'Birthdate': 'February 14', 'Sex': 'Female', 'Age': 'Part I: 17', 'Height': 'Part I: 159 cm–160 cm', 'Weight': 'Part I: 41 kg', 'Blood type': 'O', 'Occupation': 'Waitress', 'Affiliation': 'Konohagakure', 'Family': 'Family\n\t\nTeuchi (Father)'}"
Azami,"{'Anime': 'Naruto Shippūden Episode #312', 'Appears in': 'Anime', 'Japanese': 'Mariko Mizuno', 'English': 'Cristina Vee', 'Sex': 'Female', 'Affiliation': 'Konohagakure', 'Family': 'Family\n\t\nChen (Grandfather)'}"
Azure Fang,"{'Game': 'Naruto: Ultimate Ninja Online', 'Appears in': 'Game', 'Sex': 'Female', 'Age': 'Part II: 16', 'Height': 'Part II: 163.3  cm', 'Weight': 'Part II: 46.5  kg', 'Blood type': 'A', 'Classification': 'Medical-nin', 'Affiliation': 'Konohagakure', 'Ninja Rank': 'Part II: Academy Student', 'Nature Type': 'Nature Type\n        \n Water Release', 'Jutsu': 'Jutsu\n\n\nChakra Enhanced Strength\n\n\nChakra Scalpel\n\n\nHealing Resuscitation Regeneration Technique\n\n\nMystical Palm Technique\n\n\nPoison Mist\n\n\nSummoning Technique (Ninken, Toad)\n\n\nWater Clone Technique\n\n\nWater Release: Great Shark Bullet Technique\n\n\nWater Release: Great Water Arm Technique\n\n\nWater Release: Running Water Whip\n\n\nWater Release: Water Dragon Bullet Technique\n\n\nWater Release: Water Shark Bullet Technique\n\n\nWater Release: Water Trumpet', 'Tools': 'Tools\n\n\nPoison\n\n\nTantō'}"
Babu,"{'Anime': 'Naruto Shippūden Episode #416', 'Appears in': 'Anime', 'Japanese': 'Minoru Kawai', 'English': 'Todd Haberkorn', 'Sex': 'Male', 'Status': 'Deceased', 'Affiliation': 'Yugakure', 'Team': 'Team Iwato'}"
Baiu,"{'Manga': 'Naruto Chapter #58', 'Anime': 'Naruto Episode #21', 'Game': 'Naruto: Ultimate Ninja Online', 'Appears in': 'Anime, Manga, Game', 'Japanese': 'Takayuki Fujimoto', 'English': 'Robbie Rist', 'Birthdate': 'May 30', 'Sex': 'Male', 'Age': 'Part I: 18', 'Status': 'Deceased', 'Height': 'Part I: 140.3  cm', 'Weight': 'Part I: 40  kg', 'Blood type': 'A', 'Affiliation': 'Amegakure', 'Team': 'Team Shigure', 'Ninja Rank': 'Part I: Genin', 'Ninja Registration': 'R2-039', 'Tools': 'Tools\n\n\nUmbrella'}"
Baji,"{'Anime': 'Naruto Shippūden Episode #195', 'Appears in': 'Anime', 'Japanese': 'Hiroyuki Kinoshita', 'English': 'Jamieson Price', 'Sex': 'Male', 'Occupation': 'Bandit leader', 'Jutsu': 'Jutsu\n\n\nHeavenly Punishment\n\n\nSecret Technique: Mouth Seal Technique'}"
Baki,"{'Manga': 'Naruto Chapter #65', 'Anime': 'Naruto Episode #37', 'Novel': 'Gaara Hiden: A Sandstorm Mirage', 'Movie': 'Naruto Shippūden the Movie: The Will of Fire', 'Game': 'Naruto: Ultimate Ninja', 'OVA': 'Finally a clash! Jōnin vs. Genin!! Indiscriminate Grand Melee Tournament Meeting!!', 'Appears in': 'Anime, Manga, Novel, Game, Movie', 'Japanese': 'Jōji Nakata', 'English': 'Sam Riegel \nRichard Casino (""Naruto: Ultimate Ninja"")', 'Birthdate': 'July 4', 'Sex': 'Male', 'Age': 'Part I: 30\nPart II: 34', 'Height': 'Part I: 188.2  cm', 'Weight': 'Part I: 80  kg', 'Blood type': 'A', 'Occupation': 'Senior', 'Affiliation': 'Sunagakure', 'Team': 'Three Sand Siblings\n Suna Council', 'Ninja Rank': 'Part I: Jōnin', 'Ninja Registration': '38-212', 'Academy Grad. Age': '8', 'Chūnin Prom. Age': '12', 'Nature Type': 'Nature Type\n        \n Wind Release', 'Jutsu': 'Jutsu\n\n\nBlade of Wind'}"
Baku,"{'Manga': 'Naruto Chapter #479', 'Anime': 'Naruto Shippūden Episode #210', 'Game': 'Naruto Shippūden: Ultimate Ninja Impact', 'Appears in': 'Anime, Manga, Game', 'Species': 'Tapir', 'Classification': 'Summon', 'Affiliation': 'Konohagakure'}"
Baku (Anbu),"{'Manga': 'Naruto Chapter #399', 'Anime': 'Naruto Shippūden Episode #140', 'Appears in': 'Anime, Manga', 'Sex': 'Male', 'Age': 'Part II: 31', 'Status': 'Presumed Deceased', 'Affiliation': 'Konohagakure', 'Ninja Rank': 'Part II: Anbu'}"
Bakuto,"{'Manga': 'Naruto Chapter #348', 'Anime': 'Naruto Shippūden Episode #116', 'Appears in': 'Anime, Manga', 'Japanese': 'Tomoyoshi Fukazu', 'English': 'Travis Willingham', 'Sex': 'Male', 'Age': 'Part I: 36', 'Occupation': 'Prisoner'}"
Bamboo Minister,"{'Anime': 'Boruto Episode #267', 'Appears in': 'Anime', 'Japanese': 'Kōsuke Katayama', 'Sex': 'Male', 'Occupation': 'Minister', 'Affiliation': 'Land of Bamboo'}"
Bando,"{'Game': 'Naruto: Clash of Ninja Revolution 2', 'Appears in': 'Game', 'English': 'Roger Craig Smith', 'Sex': 'Male', 'Occupation': 'Weapons Dealer', 'Partner': 'Kagura (game)', 'Jutsu': ""Jutsu\n\n\nBando's Chakra Armour\n\n\nConcussive Chakra Cannon""}"
Bandō,"{'Anime': 'Naruto Shippūden Episode #224', 'Appears in': 'Anime', 'Japanese': 'Nobuyuki Hiyama', 'English': 'Todd Haberkorn', 'Sex': 'Male', 'Affiliation': 'Benisu Island', 'Team': 'Team Bandō', 'Ninja Rank': 'Part II: Jōnin', 'Nature Type': 'Nature Type\n        \n Wind Release', 'Jutsu': 'Jutsu\n\n\nWind Release: Breakthrough\n\n\nWind Release: Great Breakthrough'}"
Banna,"{'Anime': 'Naruto Shippūden Episode #233', 'Appears in': 'Anime', 'Japanese': 'Hiroshi Iwasaki', 'English': 'Kyle Hebert', 'Sex': 'Male', 'Affiliation': 'Land of Water', 'Partner': 'Iggy', 'Tools': 'Tools\n\n\nClub'}"
Bansai,"{'Manga': 'Naruto Chapter #320', 'Anime': 'Naruto Shippūden Episode #58', 'Appears in': 'Anime, Manga', 'Japanese': 'Ryūji Nakagi', 'English': 'William Frederick Knight', 'Sex': 'Male', 'Age': 'Part II: 64', 'Classification': 'Ninja monk', 'Occupation': 'Head Monk', 'Affiliation': 'Land of Fire\n Fire Temple'}"
Baru Uchiha,"{'Anime': 'Naruto Shippūden Episode #338', 'Appears in': 'Anime', 'Japanese': 'Ryūichi Kijima', 'English': 'Nicolas Roye', 'Sex': 'Male', 'Status': 'Deceased', 'Height': 'Part II: 180.4  cm', 'Kekkei Genkai': 'Sharingan \n Mangekyō Sharingan', 'Clan': 'Uchiha Clan', 'Nature Type': 'Nature Type\n        \n Yin Release\n Yang Release', 'Jutsu': 'Jutsu\n\n\nIzanagi', 'Tools': 'Tools\n\n\nSword'}"
Batora Kuromori,"{'Anime': 'Boruto Episode #261', 'Appears in': 'Anime', 'Japanese': 'Isshin Chiba', 'Sex': 'Male', 'Occupation': 'Butler', 'Affiliation': 'Land of Bamboo', 'Nature Type': 'Nature Type\n        \n Water Release', 'Jutsu': 'Jutsu\n\n\nWater Release: Water Army Water Demon Technique'}"
Batta,"{'Anime': 'Boruto Episode #275', 'Appears in': 'Anime', 'Japanese': 'Chihiro Ikki', 'Sex': 'Female', 'Affiliation': 'Kumogakure', 'Nature Type': 'Nature Type\n        \n Wind Release', 'Jutsu': 'Jutsu\n\n\nArea Scanning Technique\n\n\nWind Release: Flying Locust Wind'}"
Beekeeper,"{'Anime': 'Naruto Shippūden Episode #498', 'Novel': 'Konoha Hiden: The Perfect Day for a Wedding', 'Appears in': 'Anime, Novel', 'Japanese': 'Shōgo Nakamura', 'English': 'Mick Wingert', 'Classification': 'Missing-nin', 'Occupation': 'Beekeeper', 'Affiliation': 'Iwagakure\n Sora-ku', 'Clan': 'Kamizuru Clan', 'Jutsu': 'Jutsu\n\n\nBee Honey Technique'}"
Bekkō,"{'Manga': 'Naruto Chapter #1', 'Anime': 'Naruto Episode #1', 'Novel': 'Naruto: Innocent Heart, Demonic Blood', 'Game': 'Naruto: Rise of a Ninja', 'Appears in': 'Anime, Manga, Novel, Game', 'Japanese': 'Nobuaki Fukuda', 'English': 'Phil Hayes', 'Sex': 'Male', 'Age': 'Part I: 41', 'Occupation': 'Academy Teacher  (anime only)', 'Affiliation': 'Konohagakure', 'Ninja Rank': 'Part I: Chūnin'}"
Benga,"{'Anime': 'Boruto Episode #141', 'Appears in': 'Anime', 'Japanese': 'Dai Matsumoto', 'English': 'John Eric Bentley', 'Sex': 'Male', 'Status': 'Deceased', 'Occupation': 'Hōzuki Castle officer', 'Affiliation': 'Kusagakure', 'Nature Type': 'Nature Type\n        \n Fire Release', 'Jutsu': ""Jutsu\n\n\nFire Release: Flame Bullet\n\n\nFire Release: Flame Capture\n\n\nFire Release: Heavenly Prison\n\n\nSummoning Technique (Hōzuki Castle's Ninken)""}"
Benten,"{'Anime': 'Naruto Shippūden Episode #144', 'Appears in': 'Anime', 'Japanese': 'Chikara Ōsaka', 'English': 'Michael Yurchak', 'Sex': 'Male', 'Team': 'Magaki Group', 'Nature Type': 'Nature Type\n        \n Lightning Release', 'Jutsu': 'Jutsu\n\n\nBarrier Shattering Technique\n\n\nChakra Transfer Technique\n\n\nCombination Transformation\n\n\nHurricane Thunderclap\n\n\nImpermanence of Worldly Things\n\n\nInfinite Embrace\n\n\nMultiple Infinite Embraces\n\n\nShadow Rope Technique\n\n\nTelegram Flash'}"
Bird-Masked Anbu Member,"{'Manga': 'Naruto Chapter #121', 'Anime': 'Naruto Episode #72', 'Appears in': 'Anime, Manga', 'English': 'David Lodge  (Part I)\nTodd Haberkorn  (Part II)', 'Sex': 'Male', 'Occupation': 'Anbu Captain', 'Affiliation': 'Konohagakure', 'Ninja Rank': 'Part I: Anbu', 'Nature Type': 'Nature Type\n        \n Wind Release', 'Jutsu': 'Jutsu\n\n\nWind Release: Wind Cutter Technique', 'Tools': 'Tools\n\n\nSword'}"
Bisuke,"{'Manga': 'Naruto Chapter #29', 'Anime': 'Naruto Episode #17', 'Novel': 'Naruto: Innocent Heart, Demonic Blood', 'Movie': 'Road to Ninja: Naruto the Movie', 'Game': 'Naruto: Ultimate Ninja', 'Appears in': 'Anime, Manga, Novel, Game, Movie', 'Japanese': 'Shinji Kawada', 'English': 'Roger Craig Smith', 'Sex': 'Male', 'Species': 'Ninken', 'Classification': 'Summon', 'Affiliation': 'Konohagakure', 'Jutsu': 'Jutsu\n\n\nCircular Formation (Anime only)\n\n\nCrane Wing Formation (Anime only)\n\n\nDog Wall Formation (Anime only)\n\n\nNinken Ninja Art: Dance of the Dust Cloud (Anime only)'}"
Biwako Sarutobi,"{'Manga': 'Naruto Chapter #500', 'Anime': 'Naruto Shippūden Episode #247', 'Game': 'Naruto Shippūden: Ultimate Ninja Storm 3', 'Appears in': 'Anime, Manga, Game', 'Japanese': 'Ikuko Watanabe', 'English': 'Mona Marshall', 'Sex': 'Female', 'Age': 'Part II: 55', 'Status': 'Deceased', 'Classification': 'Medical-nin', 'Affiliation': 'Konohagakure', 'Clan': 'Sarutobi Clan', 'Ninja Rank': 'Part II: Jōnin', 'Family': 'Family\n\t\nAsuma Sarutobi (Son)\nMirai Sarutobi (Granddaughter)\nHiruzen Sarutobi (Husband)\nKonohamaru Sarutobi (Grandson)'}"
Black Shadow,"{'Game': 'Naruto Shippūden: Ultimate Ninja 4', 'Appears in': 'Game', 'Japanese': 'Atsushi Imaruoka', 'English': 'Lex Lang', 'Sex': 'Male', 'Status': 'Deceased', 'Affiliation': 'Tree Felling Village', 'Nature Type': 'Nature Type\n        \n Yin Release', 'Jutsu': 'Jutsu\n\n\nBringer-of-Darkness Technique'}"
Black Zetsu,"{'Manga': 'Naruto Chapter #234', 'Anime': 'Naruto Episode #134', 'Novel': 'Naruto Jinraiden: The Day the Wolf Howled', 'Movie': 'Road to Ninja: Naruto the Movie', 'Game': 'Naruto Shippūden: Ultimate Ninja 4', 'OVA': 'Naruto Shippūden: UNSG anime cutscenes', 'Appears in': 'Anime, Manga, Novel, Game, Movie', 'Japanese': 'Nobuo Tobita \nKengo Kawanishi  (Child)', 'English': 'Travis Willingham \nMichael Sorich  (Naruto Episode 135)\nTodd Haberkorn  (Child)', 'Species': 'Artificial Human', 'Status': 'Incapacitated', 'Kekkei Genkai': 'Wood Release \n Rinnegan \n Sharingan \n Mangekyō Sharingan', 'Classification': 'Jinchūriki\nS-rank\nSensor Type', 'Tailed Beast': 'Kurama (Yin half) (Forms)', 'Occupation': 'Akatsuki spy', 'Affiliation': 'Akatsuki', 'Partner': 'Kaguya Ōtsutsuki\nWhite Zetsu\nObito Uchiha\nMadara Uchiha', 'Family': 'Family\n\t\nKaguya Ōtsutsuki (Creator)', 'Nature Type': 'Nature Type\n        \n Wood Release\n Earth Release\n Water Release\n Fire Release\n Wind Release\n Lightning Release\n Yin Release\n Yang Release', 'Unique Traits': 'Unique Traits\n\t\nCan absorb chakra', 'Jutsu': 'Jutsu\n\n\nAll-Killing Ash Bones\n\n\nBlack Receiver\n\n\nBody Coating\n\n\nChakra Transfer Technique\n\n\nEvent Recording\n\n\nHiding in Surface Technique\n\n\nHiding with Camouflage Technique (Anime only)\n\n\nKamui\n\n\nMayfly\n\n\nProjection Technique\n\n\nSensing Technique\n\n\nSpore Technique\n\n\nTemporary Paralysis Technique\n\n\nWood Release: Underground Roots Technique\n\n\nYomotsu Hirasaka'}"
Blue B,"{'Manga': 'Naruto Chapter #494', 'Anime': 'Naruto Shippūden Episode #244', 'Game': 'Naruto Mobile', 'Appears in': 'Anime, Manga, Game', 'Japanese': 'Yasuhiko Nemoto \nTōru Furusawa   (Shippūden episode 282)', 'English': 'Sam Riegel', 'Sex': 'Male', 'Age': 'Part II: 22', 'Status': 'Deceased', 'Classification': 'Jinchūriki\nPseudo-Jinchūriki\nSensor Type', 'Tailed Beast': 'Gyūki (Forms)', 'Affiliation': 'Kumogakure', 'Partner': 'A (Third Raikage)', 'Family': 'Family\n\t\nA  (Uncle)\nA  (Cousin)\nKiller B (Adoptive Cousin)', 'Nature Type': 'Nature Type\n        \n Lightning Release (Anime only)', 'Jutsu': 'Jutsu\n\n\nContinuous Tailed Beast Balls (Anime only)\n\n\nLightning Release: Lariat (Anime only)\n\n\nSensing Technique (Anime only)\n\n\nTailed Beast Ball (Anime only)\n\n\nTailed Beast Chakra Arms (Anime only)', 'Tools': 'Tools\n\n\nSword'}"
Boar-Masked Anbu Member,"{'Manga': 'Naruto Chapter #57', 'Anime': 'Naruto Episode #30', 'Game': 'Naruto Shippūden: Ultimate Ninja Blazing', 'OVA': 'Hidden Leaf Village Grand Sports Festival!', 'Appears in': 'Anime, Manga, Game', 'Japanese': 'Kazuki Ogawa  (Part I; Episode 184)', 'English': 'Skip Stellrecht  (Part I; Episode 30 and 34)\nLex Lang  (Part I; Episode 184)\nPatrick Seitz  (Part II)', 'Sex': 'Male', 'Occupation': 'Anbu Captain', 'Affiliation': 'Konohagakure', 'Partner': 'Eagle-Masked Anbu Member', 'Ninja Rank': 'Part I: Anbu', 'Nature Type': 'Nature Type\n        \n Earth Release', 'Jutsu': 'Jutsu\n\n\nEarth Release: Dropping Lid\n\n\nEarth Release: Hiding in Rock Technique (Anime only)\n\n\nEarth Release: Sticky Earth Drop (Anime only)\n\n\nShadow Clone Technique (Anime only)\n\n\nTemporary Paralysis Technique', 'Tools': 'Tools\n\n\nSword'}"
Boro,"{'Manga': 'Boruto Chapter #15', 'Anime': 'Boruto Episode #157', 'Game': 'Naruto x Boruto: Ninja Voltage', 'Appears in': 'Anime, Manga, Game', 'Japanese': 'Kenta Miyake', 'English': 'Dave B. Mitchell', 'Sex': 'Male', 'Status': 'Deceased', 'Kekkei Genkai': 'Lava Release', 'Occupation': 'Inner\nCult Leader', 'Affiliation': 'Kara', 'Nature Type': 'Nature Type\n        \n Lava Release\n Fire Release\n Earth Release\n Water Release\n Yin Release', 'Jutsu': 'Jutsu\n\n\nGenjutsu Communication\n\n\nLava Release: Planet-Branding Blast\n\n\nSelf-Healing Technique\n\n\nWater Release: Water Formation Wall', 'Tools': 'Tools\n\n\nDark Cloud\n\n\nSpace-Time Gate'}"
Boruto Uzumaki,"{'Manga': 'Naruto Chapter #700', 'Anime': 'Naruto Shippūden Episode #500', 'Novel': 'The Last: Naruto the Movie', 'Movie': 'The Last: Naruto the Movie', 'Game': 'Naruto Shippūden: Ultimate Ninja Storm 4', 'OVA': 'The Day Naruto Became Hokage (OVA)', 'Appears in': 'Anime, Manga, Novel, Game, Movie', 'Japanese': 'Yūko Sanpei \nKokoro Kikuchi  (The Last: Naruto the Movie)', 'English': 'Amanda Celine Miller\nMaile Flanagan  (The Last: Naruto the Movie)', 'Birthdate': 'March 27', 'Sex': 'Male', 'Species': 'Celestial Being', 'Age': 'Blank Period: 5\nBoruto Movie: 12\nBoruto Manga: 12  (16) (Future)', 'Height': 'Blank Period: 110 cm–122 cm\nBoruto Movie: 145 cm\nBoruto Manga: 163 cm', 'Kekkei Genkai': 'Jōgan', 'Classification': 'Missing-nin\nSensor Type', 'Occupation': 'Vessel', 'Affiliation': 'Konohagakure\n Ryūchi Cave (Anime only)', 'Team': 'Team 7', 'Clan': 'Uzumaki Clan\n Hyūga Clan', 'Ninja Rank': 'Gaiden: Genin', 'Family': ""Family\n\t\nMinato Namikaze (Grandfather)\nKushina Uzumaki (Grandmother)\nNaruto Uzumaki (Father)\nHyūga Elder (Great-Grandfather)\nHiashi Hyūga (Grandfather)\nHizashi Hyūga (Granduncle)\nHinata and Hanabi's Mother (Grandmother) (Anime only)\nHinata Hyūga (Mother)\nHanabi Hyūga (Aunt)\nHimawari Uzumaki (Sister)\nNeji Hyūga (First cousin once removed)\nKawaki (Adoptive Brother)\nMomoshiki Ōtsutsuki (Host)"", 'Nature Type': 'Nature Type\n        \n Lightning Release (Affinity)\n Wind Release\n Water Release', 'Jutsu': 'Jutsu\n\n\nBig Ball Rasengan (Manga only)\n\n\nBoruto Stream\n\n\nCompression Rasengan (Anime only)\n\n\nGentle Fist\n\n\nHarem Technique\n\n\nImprovised Secret Technique: Lightning Ball Shuriken Technique (Anime only)\n\n\nKāma\n\n\nKāma Rift\n\n\nLightning Release Bullet: Powerful Breath (Anime only)\n\n\nLightning Release: Purple Electricity (Manga only)\n\n\nLightning Release: Thunderclap Arrow\n\n\nMultiple String Light Formation (Anime only)\n\n\nParent and Child Rasengan\n\n\nRasengan\n\n\nRasengan: ""Unison""\n\n\nSexy Technique\n\n\nShadow Clone Technique\n\n\nString Light Formation (Anime only)\n\n\nStudent and Teacher: Rasengan\n\n\nSummoning Technique (Snake) (Anime only)\n\n\nSuper Compression Rasengan (Anime only)\n\n\nSurging Fire Wild Dance (Anime only)\n\n\nUchiha Style Shurikenjutsu: ""Lightning"": Triple\n\n\nUltra-Big Ball Rasengan (Manga only)\n\n\nVanishing Rasengan\n\n\nWater Release: Surging Sea\n\n\nWater Release: Water Formation Wall (Novel only)\n\n\nWind Release: Gale Palm\n\n\nWind Release: Rasengan (Anime only)', 'Tools': 'Tools\n\n\nChakra Blade\n\n\nFlash Bomb (Anime only)\n\n\nHidden Kunai Mechanism (Anime only)\n\n\nJutsu Absorption Arm\n\n\nShinobi Gauntlet\n\n\nSword'}"
Boxing Kangaroos,"{'Anime': 'Naruto Shippūden Episode #185', 'Appears in': 'Anime', 'Sex': 'Male', 'Species': 'Kangaroo', 'Affiliation': 'Konohagakure', 'Team': 'Four Ninja Animal Warriors'}"
Breeze Dancer,"{'Game': 'Naruto: Ultimate Ninja Online', 'Appears in': 'Game', 'Sex': 'Female', 'Age': 'Part II: 16', 'Height': 'Part II: 171  cm', 'Weight': 'Part II: 48  kg', 'Blood type': 'O', 'Affiliation': 'Konohagakure', 'Ninja Rank': 'Part II: Academy Student', 'Nature Type': 'Nature Type\n        \n Wind Release', 'Jutsu': 'Jutsu\n\n\nBig Ball Rasengan\n\n\nHarem Technique\n\n\nMultiple Shadow Clone Technique\n\n\nRasengan\n\n\nShadow Clone Technique\n\n\nSickle Weasel Technique\n\n\nSpiralling Serial Spheres\n\n\nWind Release: Vacuum Serial Waves', 'Tools': 'Tools\n\n\nGiant Folding Fan'}"
Bug,"{'Manga': 'Boruto Chapter #56', 'Anime': 'Boruto Episode #287', 'Appears in': 'Anime, Manga', 'Japanese': 'Takumi Yamazaki', 'Sex': 'Male', 'Occupation': 'Outer\nCultist', 'Affiliation': 'Kara'}"
Bull,"{'Manga': 'Naruto Chapter #29', 'Anime': 'Naruto Episode #17', 'Novel': 'Naruto: Innocent Heart, Demonic Blood', 'Movie': 'Road to Ninja: Naruto the Movie', 'Game': 'Naruto: Ultimate Ninja', 'Appears in': 'Anime, Manga, Novel, Game, Movie', 'Sex': 'Male', 'Species': 'Ninken', 'Classification': 'Summon', 'Affiliation': 'Konohagakure', 'Jutsu': 'Jutsu\n\n\nCircular Formation (Anime only)\n\n\nDog Wall Formation (Anime only)\n\n\nNinken Ninja Art: Dance of the Dust Cloud (Anime only)'}"
Buna,"{'Manga': 'Naruto Chapter #144', 'Anime': 'Naruto Episode #83', 'Appears in': 'Anime, Manga', 'Sex': 'Male', 'Age': 'Part I: 13', 'Occupation': 'Gardener apprentice', 'Affiliation': 'Land of Fire'}"
Bunpuku,"{'Manga': 'Naruto Chapter #660', 'Anime': 'Naruto Shippūden Episode #392', 'Appears in': 'Anime, Manga', 'Birthdate': 'February 9', 'Sex': 'Male', 'Status': 'Deceased', 'Weight': 'Part II: 38.2 kg', 'Blood type': 'O', 'Classification': 'Jinchūriki', 'Tailed Beast': 'Shukaku (Forms)', 'Occupation': 'Priest', 'Affiliation': 'Sunagakure', 'Jutsu': 'Jutsu\n\n\nDharma Power Seal (Anime only)\n\n\nDharma Power Sealing Technique: Sen no Rikyū (Anime only)', 'Tools': 'Tools\n\n\nSand'}"
Buntan Kurosuki,"{'Anime': 'Boruto Episode #28', 'Novel': 'School Trip Bloodwind Records', 'Appears in': 'Anime, Novel', 'Japanese': 'Mariya Ise', 'English': 'Carrie Keranen', 'Sex': 'Female', 'Height': 'Gaiden: 165.7  cm', 'Classification': 'Medical-nin', 'Affiliation': 'Kirigakure', 'Team': 'New Seven Ninja Swordsmen', 'Family': 'Family\n\t\nRaiga Kurosuki (Father)', 'Nature Type': 'Nature Type\n        \n Lightning Release', 'Jutsu': 'Jutsu\n\n\nLightning Ball\n\n\nLightning Burial: Banquet of Lightning\n\n\nLightning Fish\n\n\nLightning Strike Armour\n\n\nMystical Palm Technique (Anime only)\n\n\nSilent Killing (Anime only)\n\n\nThunderswords Technique: Remote Control', 'Tools': 'Tools\n\n\nKiba  (Anime only)\n\n\nSword (Anime only)'}"
Bunzō,"{'Anime': 'Naruto Episode #97', 'Appears in': 'Anime', 'Japanese': 'Atsushi Gotō', 'English': 'Wally Wingert', 'Sex': 'Male', 'Height': 'Part I: 163.5 cm', 'Occupation': 'Loan Collector', 'Affiliation': 'Land of Tea', 'Team': 'Akagi Gang', 'Partner': 'Senta', 'Tools': 'Tools\n\n\nSword'}"
Burami,"{'Anime': 'Naruto Shippūden Episode #395', 'Appears in': 'Anime', 'Japanese': 'Kōsuke Gotō', 'English': 'Joe Ochman', 'Sex': 'Male', 'Affiliation': 'Kusagakure', 'Team': 'Team Kazami', 'Ninja Rank': 'Part I: Genin', 'Jutsu': 'Jutsu\n\n\nOdour-Concealing Bubbles\n\n\nShifting Body Technique\n\n\nSmell Sphere'}"
Buriko Nekoka,"{'Manga': 'Boruto Chapter #16', 'Anime': 'Boruto Episode #181', 'Appears in': 'Anime, Manga', 'Sex': 'Female', 'Affiliation': 'Konohagakure', 'Ninja Rank': 'Boruto Manga: Genin'}"
Butsuma Senju,"{'Manga': 'Naruto Chapter #622', 'Anime': 'Naruto Shippūden Episode #367', 'Appears in': 'Anime, Manga', 'Japanese': 'Keijin Okuda', 'English': 'Aaron LaPlante', 'Birthdate': 'January 16', 'Sex': 'Male', 'Status': 'Deceased', 'Height': 'Part II: 180  cm', 'Weight': 'Part II: 71.3 kg', 'Blood type': 'AB', 'Clan': 'Senju Clan', 'Family': 'Family\n\t\nHashirama Senju (Son)\nItama Senju (Son)\nKawarama Senju (Son)\nTobirama Senju (Son)\nTsunade (Great-Granddaughter)\nNawaki (Great-Grandson)', 'Tools': 'Tools\n\n\nSword\n\n\nTantō'}"
Byakuren,"{'Manga': 'Naruto Chapter #648', 'Anime': 'Naruto Shippūden Episode #369', 'Appears in': 'Anime, Manga', 'Japanese': 'Satoshi Hino', 'English': 'Vic Mignogna', 'Birthdate': 'January 20', 'Sex': 'Male', 'Status': 'Deceased', 'Height': 'Part II: 172.2 cm', 'Weight': 'Part II: 78.9 kg', 'Blood type': 'B', 'Occupation': 'Mizukage', 'Affiliation': 'Kirigakure', 'Ninja Rank': 'Part II: Kage'}"
C,"{'Manga': 'Naruto Chapter #454', 'Anime': 'Naruto Shippūden Episode #199', 'Novel': 'Sasuke Shinden: Book of Sunrise', 'Game': 'Naruto Shippūden: Ultimate Ninja Impact', 'OVA': 'Naruto Shippūden: UNSG anime cutscenes', 'Appears in': 'Anime, Manga, Novel, Game', 'Japanese': 'Kenji Fukuda', 'English': 'Vic Mignogna', 'Birthdate': 'April 3', 'Sex': 'Male', 'Age': 'Part II: 26', 'Height': 'Part II: 172.2 cm', 'Weight': 'Part II: 55.8 kg', 'Blood type': 'A', 'Classification': 'Medical-nin\nSensor Type', 'Occupation': ""Fourth Raikage's Bodyguard"", 'Affiliation': 'Kumogakure\n Allied Shinobi Forces', 'Team': 'Kumo Council\n Sensor Division', 'Partner': 'Darui', 'Ninja Rank': 'Part II: Jōnin', 'Ninja Registration': 'CL5517', 'Nature Type': 'Nature Type\n        \n Lightning Release\n Yin Release', 'Jutsu': 'Jutsu\n\n\nLightning Release: Lightning Illusion Flash of Lightning Pillar\n\n\nMystical Palm Technique\n\n\nSensing Technique'}"
Calm Seas Daimyō,"{'Anime': 'Boruto Episode #229 (Mentioned)', 'Appears in': 'Anime', 'Sex': 'Male', 'Classification': 'Daimyō', 'Affiliation': 'File:Land of Calm Seas Symbol.svg Land of Calm Seas'}"
Captain of the Ghost Ship,"{'Anime': 'Naruto Shippūden Episode #225', 'Appears in': 'Anime', 'Japanese': 'Kenji Nomura', 'English': 'Skip Stellrecht', 'Sex': 'Male', 'Status': 'Deceased', 'Occupation': 'Captain'}"
Chamaru,"{'Manga': 'Boruto Chapter #18', 'Anime': 'Boruto Episode #183', 'Appears in': 'Anime, Manga', 'Sex': 'Male', 'Species': 'Ninken', 'Affiliation': 'Konohagakure', 'Partner': 'Akita Inuzuka', 'Clan': 'Inuzuka Clan', 'Jutsu': 'Jutsu\n\n\nFang Passing Fang\n\n\nPassing Fang'}"
Chamū,"{'Movie': 'Naruto the Movie: Guardians of the Crescent Moon Kingdom', 'Game': 'Naruto: Path of the Ninja 2  (movie poster)', 'Appears in': 'Game, Movie', 'Sex': 'Male', 'Species': 'Sabre-toothed cat', 'Partner': 'Kiki'}"
Chen,"{'Anime': 'Naruto Shippūden Episode #312', 'Appears in': 'Anime', 'Japanese': 'Chō', 'English': 'Steve Kramer', 'Sex': 'Male', 'Status': 'Deceased', 'Affiliation': 'Konohagakure', 'Ninja Rank': 'Part II: Jōnin', 'Family': 'Family\n\t\nAzami (Granddaughter)', 'Jutsu': 'Jutsu\n\n\nLeaf Dragon God\n\n\nLeaf Great Whirlwind\n\n\nLeaf Gust\n\n\nLeaf Whirlwind'}"
Chibi,"{'Manga': 'Naruto Chapter #445', 'Anime': 'Naruto Shippūden Episode #172', 'Appears in': 'Anime, Manga', 'Sex': 'Male', 'Species': 'Dog', 'Age': 'Part II: 2', 'Status': 'Deceased', 'Affiliation': 'Ame Orphans'}"
Chichiatsu,"{'Anime': 'Naruto Episode #152 (Mentioned)', 'Appears in': 'Anime', 'Classification': 'Daimyō', 'Affiliation': 'Land of Swamps'}"
Chikara,"{'Anime': 'Naruto Episode #192', 'Appears in': 'Anime', 'Japanese': 'Kiyoyuki Yanada', 'English': 'Roger Rose', 'Sex': 'Male', 'Classification': 'Daimyō', 'Affiliation': 'Land of Noodles', 'Family': 'Family\n\t\nFuku (Fiancée)'}"
Chino,"{'Anime': 'Naruto Shippūden Episode #484', 'Novel': 'Sasuke Shinden: Book of Sunrise', 'Game': 'Naruto Shippūden: Ultimate Ninja Blazing', 'Appears in': 'Anime, Novel, Game', 'Japanese': 'Ai Kakuma', 'English': 'Xanthe Huynh', 'Sex': 'Female', 'Kekkei Genkai': 'Ketsuryūgan', 'Classification': 'Sensor Type', 'Affiliation': 'Land of Hot Water\n Kirigakure', 'Team': 'Lightning Group (Anime only)', 'Clan': 'Chinoike Clan', 'Family': 'Family\n\t\nEn Oyashiro (Father)', 'Nature Type': 'Nature Type\n        \n Water Release\n Yin Release', 'Jutsu': 'Jutsu\n\n\nBlood Dragon Ascension\n\n\nBlood Transformation Technique (Anime only)\n\n\nExploding Human Technique (Anime only)\n\n\nGenjutsu: Ketsuryūgan (Anime only)\n\n\nSensing Technique (Novel only)\n\n\nShadow Clone Technique (Novel only)\n\n\nSoap Bubble Ninjutsu\n\n\nWater Release: Hail (Anime only)\n\n\nWater Release: Water Formation Wall (Anime only)'}"
Chiriku,"{'Manga': 'Naruto Chapter #314', 'Anime': 'Naruto Shippūden Episode #57', 'Game': 'Naruto Shippūden: Ultimate Ninja Heroes 3  (Mentioned)', 'Appears in': 'Anime, Manga, Game', 'Japanese': 'Akio Ōtsuka', 'English': 'Kirk Thornton', 'Birthdate': 'July 1', 'Sex': 'Male', 'Age': 'Part II: 31', 'Status': 'Deceased', 'Height': 'Part II: 179  cm', 'Weight': 'Part II: 59.1  kg', 'Blood type': 'A', 'Classification': 'Ninja monk', 'Occupation': 'Head Monk', 'Affiliation': 'Land of Fire\n Fire Temple', 'Team': 'Twelve Guardian Ninja', 'Jutsu': 'Jutsu\n\n\nDestruction of Evil Seal (Anime only)\n\n\nSealed Iron Wall\n\n\nWelcoming Approach: Thousand-Armed Murder (Anime only)', 'Tools': 'Tools\n\n\nSpear (Anime only)'}"
Chishima,"{'Anime': 'Naruto Episode #162', 'Appears in': 'Anime', 'Japanese': 'Takeshi Mito', 'English': 'Sam Riegel', 'Sex': 'Male', 'Occupation': ""Chief Advisor's Assistant"", 'Affiliation': 'Land of Birds'}"
Chiyo,"{'Manga': 'Naruto Chapter #252', 'Anime': 'Naruto Shippūden Episode #9', 'Game': 'Naruto Shippūden: Ultimate Ninja 4', 'OVA': 'Naruto Shippūden: UNSG anime cutscenes', 'Appears in': 'Anime, Manga, Game', 'Japanese': 'Ikuko Tani', 'English': 'Barbara Goodson', 'Birthdate': 'October 15', 'Sex': 'Female', 'Age': 'Part II: 73', 'Status': 'Deceased', 'Height': 'Part II: 149.1 cm', 'Weight': 'Part II: 39.1 kg', 'Blood type': 'B', 'Classification': 'Medical-nin', 'Occupation': 'Counsellor  (Retired)', 'Affiliation': 'Sunagakure', 'Team': 'Puppet Brigade\n Honoured Siblings\n Kazekage Rescue Team', 'Ninja Registration': '01-002', 'Family': ""Family\n\t\nSasori's Father (Son)\nSasori (Grandson)\nEbizō (Younger Brother)"", 'Jutsu': ""Jutsu\n\n\nManipulating Attack Blades\n\n\nMechanical Light Shield Block\n\n\nMystical Palm Technique\n\n\nOne's Own Life Reincarnation\n\n\nPuppet Performance: Skilful Achievement with a Human Body\n\n\nPuppet Technique\n\n\nPuppet: Father and Mother\n\n\nPuppet: Spring Punishing Strike\n\n\nReverse White Secret Technique: The Uematsu Collection of Ten Puppets (Anime only)\n\n\nSealing Technique: Lion Closing Roar\n\n\nThree Jewels Suction Crushing\n\n\nWhite Secret Technique Secret Art: Collection of Illusions (Anime only)\n\n\nWhite Secret Technique: The Chikamatsu Collection of Ten Puppets\n\n\nWhite Secret Technique: The Chikamatsu Collection of Ten Puppets: Heaven Attack"", 'Tools': 'Tools\n\n\nAntidote\n\n\nChikamatsu Collection\n\n\nLion-Headed Kannon\n\n\nMother and Father\n\n\nPoison\n\n\nSword\n\n\nWhip\n\n\nWire Strings'}"
Chiyo (princess),"{'Anime': 'Naruto Shippūden Episode #309', 'Appears in': 'Anime', 'Japanese': 'Megumi Han', 'English': 'Cherami Leigh', 'Sex': 'Female', 'Affiliation': 'Land of This\n Land of That', 'Family': 'Family\n\t\nThis Daimyō (Father)'}"
Chiyomatsu,"{'Manga': 'Naruto Chapter #460', 'Anime': 'Naruto Shippūden Episode #202', 'Appears in': 'Anime, Manga', 'Sex': 'Male', 'Age': 'Part II: 34', 'Classification': 'Samurai', 'Affiliation': 'Land of Iron', 'Tools': 'Tools\n\n\nSword'}"
Chōbee Akimichi,"{'OVA': 'Boruto OVA', 'Appears in': 'Anime', 'Japanese': 'Kōsuke Gotō', 'English': 'Robbie Daymond', 'Sex': 'Male', 'Affiliation': 'Konohagakure', 'Clan': 'Akimichi Clan', 'Family': 'Family\n\t\nChōji Akimichi (Nephew)\nChōchō Akimichi (Grandniece)', 'Nature Type': 'Nature Type\n        \n Yang Release', 'Jutsu': 'Jutsu\n\n\nCalorie Control\n\n\nMulti-Size Technique\n\n\nPartial Multi-Size Technique'}"
Chōchō Akimichi,"{'Manga': 'Naruto Chapter #700', 'Anime': 'Boruto Episode #1', 'Novel': 'Boruto: Naruto the Movie', 'Movie': 'Boruto: Naruto the Movie', 'Game': 'Naruto: Ultimate Ninja Online', 'OVA': 'The Day Naruto Became Hokage (OVA)', 'Appears in': 'Anime, Manga, Novel, Game, Movie', 'Japanese': 'Ryōko Shiraishi', 'English': 'Colleen Villard', 'Birthdate': 'August 8', 'Sex': 'Female', 'Age': 'Boruto Movie: 12', 'Height': 'Blank Period: 130  cm\nBoruto Movie: 150.5  cm', 'Affiliation': 'Konohagakure', 'Team': 'Team 10', 'Clan': 'Akimichi Clan', 'Ninja Rank': 'Gaiden: Genin', 'Family': ""Family\n\t\nChōji's Mother (Grandmother)\nChōza Akimichi (Grandfather)\nChōji Akimichi (Father)\nKarui Akimichi (Mother)\nChōbee Akimichi (Granduncle) (Anime only)"", 'Nature Type': 'Nature Type\n        \n Lightning Release\n Yang Release', 'Jutsu': 'Jutsu\n\n\nButterfly Mode (Anime only)\n\n\nCalorie Control\n\n\nEmpty Crash (Anime only)\n\n\nFormation Ino–Shika–Chō\n\n\nHuman Bullet Tank\n\n\nMulti-Size Technique\n\n\nMultiple String Light Formation (Anime only)\n\n\nPartial Multi-Size Technique\n\n\nString Light Formation (Anime only)\n\n\nSuper Multi-Size Technique'}"
Chōhan,"{'Manga': 'Naruto Chapter #149', 'Anime': 'Naruto Episode #86', 'Appears in': 'Anime, Manga', 'Japanese': 'Masato Funaki', 'English': 'Henry Dittman', 'Sex': 'Male', 'Age': 'Part I: 33', 'Occupation': 'Gambler', 'Affiliation': 'Land of Fire'}"
Chōji Akimichi,"{'Manga': 'Naruto Chapter #34', 'Anime': 'Naruto Episode #1', 'Novel': 'Kakashi Hiden: Lightning in the Icy Sky', 'Movie': 'Naruto Shippūden the Movie', 'Game': 'Naruto: Konoha Ninpōchō', 'OVA': 'Hidden Leaf Village Grand Sports Festival!', 'Appears in': 'Anime, Manga, Novel, Game, Movie', 'Japanese': 'Kentarō Itō\nYūmi Kawashima  (Child)', 'English': 'Robbie Rist \nColleen Villard   (Child)', 'Birthdate': 'May 1', 'Sex': 'Male', 'Age': 'Part I: 12–13\nPart II: 16–17', 'Height': 'Part I: 150.6 cm–156.3  cm\nPart II: 172.3  cm\nBlank Period: 178  cm', 'Weight': 'Part I: 62 kg–69.3  kg\nPart II: 87.5  kg', 'Blood type': 'B', 'Affiliation': 'Konohagakure\n Allied Shinobi Forces', 'Team': 'Team 10\n Sasuke Recovery Team\n Konoha 11 (Anime only)\n Peddlers Escort Team (Anime only)\n Twenty Platoons\n Fourth Division', 'Clan': 'Akimichi Clan', 'Ninja Rank': 'Part I: Genin\nPart II: Chūnin', 'Ninja Registration': '012625', 'Academy Grad. Age': '12', 'Chūnin Prom. Age': '14', 'Family': ""Family\n\t\nChōza Akimichi (Father)\nChōji's Mother (Mother)\nChōchō Akimichi (Daughter)\nKarui Akimichi (Wife)\nChōbee Akimichi (Uncle) (Anime only)"", 'Nature Type': 'Nature Type\n        \n Earth Release\n Fire Release\n Yang Release', 'Jutsu': 'Jutsu\n\n\nBallistic Waterwheel (Anime only)\n\n\nButterfly Bullet Bombing\n\n\nButterfly Mode\n\n\nCalorie Control\n\n\nDouble Human Bullet Tank\n\n\nEarth Release: Practice Brick Technique\n\n\nFormation Ino–Shika–Chō\n\n\nHuman Bullet Tank\n\n\nHuman Bullet Yo-Yo\n\n\nMulti-Size Technique\n\n\nPartial Multi-Size Technique\n\n\nSpiked Human Bullet Tank\n\n\nSuper Multi-Size Technique\n\n\nSuper Open Hand Slap', 'Tools': 'Tools\n\n\nMilitary Rations Pill\n\n\nThree Coloured Pills'}"
Chōji's Mother,"{'Anime': 'Naruto Shippūden Episode #82', 'Movie': 'Road to Ninja: Naruto the Movie', 'Appears in': 'Anime, Movie', 'Japanese': 'Chiharu Kojima', 'English': 'Mary Elizabeth McGlynn', 'Sex': 'Female', 'Affiliation': 'Konohagakure', 'Team': 'Allied Mothers Force', 'Clan': 'Akimichi Clan', 'Family': 'Family\n\t\nChōji Akimichi (Son)\nChōchō Akimichi (Granddaughter)\nChōza Akimichi (Husband)'}"
Chōjūrō,"{'Manga': 'Naruto Chapter #454', 'Anime': 'Naruto Shippūden Episode #199', 'Novel': 'Shikamaru Hiden: A Cloud Drifting in Silent Darkness', 'Movie': 'The Last: Naruto the Movie', 'Game': 'Naruto Shippūden 3D: The New Era', 'Appears in': 'Anime, Manga, Novel, Game, Movie', 'Japanese': 'Kōki Miyata', 'English': 'Brian Beacock', 'Birthdate': 'November 1', 'Sex': 'Male', 'Age': 'Part II: 19', 'Height': 'Part II: 163.6 cm', 'Weight': 'Part II: 49.5 kg', 'Blood type': 'B', 'Occupation': 'Mizukage', 'Affiliation': 'Kirigakure\n Allied Shinobi Forces', 'Team': 'Seven Ninja Swordsmen of the Mist\n Daimyō Protection Squad', 'Ninja Rank': 'Part II: Jōnin\nGaiden: Kage', 'Nature Type': 'Nature Type\n        \n Water Release (Anime only)', 'Jutsu': 'Jutsu\n\n\nBloody Mist Sword Art: Bone Mutilation\n\n\nSilent Killing\n\n\nWater Release: Great Waterfall Technique (Anime only)\n\n\nWater Release: Water Fang Bullet (Anime only)\n\n\nWater Release: Water Formation Wall (Anime only)\n\n\nWater Release: Water Spikes (Anime only)', 'Tools': 'Tools\n\n\nHiramekarei\n\n\nSword (Anime only)'}"
Chōmei,"{'Manga': 'Naruto Chapter #467', 'Anime': 'Naruto Shippūden Episode #165', 'Novel': 'The Last: Naruto the Movie', 'Movie': 'The Last: Naruto the Movie', 'Game': 'Naruto Shippūden: Ultimate Ninja Storm 3', 'Appears in': 'Anime, Manga, Novel, Game, Movie', 'Japanese': 'Kenichi Suzumura', 'English': 'Steven Blum', 'Species': 'Kabutomushi', 'Classification': 'Tailed Beast', 'Jinchūriki': 'Fū \nNaruto Uzumaki', 'Affiliation': 'Takigakure', 'Family': 'Family\n\t\nHagoromo Ōtsutsuki (Creator)\nShukaku (Sibling)\nMatatabi (Sibling)\nIsobu (Sibling)\nSon Gokū (Sibling)\nKokuō (Sibling)\nSaiken (Sibling)\nGyūki (Sibling)\nKurama (Sibling)', 'Jutsu': 'Jutsu\n\n\nBug Bite\n\n\nChakra Transfer Technique\n\n\nCocoon (Anime only)\n\n\nSpear Attack Shining Horn\n\n\nTailed Beast Ball\n\n\nTailed Beast Full Charge\n\n\nTailed Beast Telepathy'}"
Chōseki,"{'Manga': 'Naruto Chapter #150', 'Anime': 'Naruto Episode #86', 'Appears in': 'Anime, Manga', 'Japanese': 'Ichirota Koizumi', 'English': 'Doug Stone', 'Sex': 'Male', 'Age': 'Part I: 27', 'Classification': 'Missing-nin', 'Affiliation': 'Iwagakure\n Land of Fire', 'Ninja Rank': 'Part I: Chūnin'}"
Chōza Akimichi,"{'Manga': 'Naruto Chapter #137', 'Anime': 'Naruto Episode #59', 'Novel': 'Naruto Shinden: Parent and Child Day', 'Movie': 'Naruto Shippūden the Movie: The Lost Tower', 'Game': 'Naruto: Ultimate Ninja 3', 'OVA': 'Hidden Leaf Village Grand Sports Festival!', 'Appears in': 'Anime, Manga, Novel, Game, Movie', 'Japanese': 'Nobuaki Fukuda', 'English': 'Michael Sorich', 'Birthdate': 'April 22', 'Sex': 'Male', 'Age': 'Part I: 38\nPart II: 42', 'Height': 'Part I: 183  cm', 'Weight': 'Part I: 120.1  kg', 'Blood type': 'B', 'Occupation': 'Head of the Akimichi Clan', 'Affiliation': 'Konohagakure\n Allied Shinobi Forces', 'Team': 'Ino–Shika–Chō\n First Division\n Team Chōza (Anime only)', 'Clan': 'Akimichi Clan', 'Ninja Rank': 'Part I: Jōnin', 'Ninja Registration': '005490', 'Family': ""Family\n\t\nChōji Akimichi (Son)\nChōchō Akimichi (Granddaughter)\nChōji's Mother (Wife)"", 'Nature Type': 'Nature Type\n        \n Yang Release', 'Jutsu': 'Jutsu\n\n\nCalorie Control\n\n\nDouble Human Bullet Tank\n\n\nFormation Ino–Shika–Chō\n\n\nHuman Bullet Tank\n\n\nMulti-Size Technique\n\n\nPartial Multi-Size Technique\n\n\nSuper Multi-Size Technique', 'Tools': 'Tools\n\n\nBō'}"
Chūji,"{'Anime': 'Naruto Shippūden Episode #254', 'Appears in': 'Anime', 'Sex': 'Male', 'Species': 'Penguin', 'Affiliation': 'Kumogakure'}"
Chūkaku,"{'Anime': 'Naruto Shippūden Episode #316', 'Appears in': 'Anime', 'Japanese': 'Mitsuru Takakuwa', 'English': 'Doug Stone', 'Sex': 'Male', 'Status': 'Deceased', 'Classification': 'Ninja monk', 'Affiliation': 'Land of Fire\n Fire Temple', 'Team': 'Impure World Reincarnation Allied Forces', 'Jutsu': 'Jutsu\n\n\nSealing Release Technique', 'Tools': 'Tools\n\n\nPrayer Beads'}"
Chūkichi,"{'Manga': 'Naruto Chapter #516', 'Anime': 'Naruto Shippūden Episode #261', 'Appears in': 'Anime, Manga', 'Japanese': 'Minoru Hirota', 'English': 'Kyle Hebert', 'Birthdate': 'July 2', 'Sex': 'Male', 'Status': 'Deceased', 'Height': 'Part II: 186 cm', 'Weight': 'Part II: 86.5 kg', 'Blood type': 'AB', 'Classification': 'Sensor Type', 'Affiliation': 'Kirigakure', 'Team': 'Surprise Attack and Diversion Platoon', 'Ninja Rank': 'Part II: Jōnin', 'Nature Type': 'Nature Type\n        \n Water Release (Anime only)', 'Jutsu': 'Jutsu\n\n\nHiding in Frost Technique (Anime only)\n\n\nSensing Technique\n\n\nSilent Killing (Anime only)'}"
Chūshin,"{'Anime': 'Naruto Shippūden Episode #144', 'Appears in': 'Anime', 'Japanese': 'Yōhei Tadano', 'English': 'Vic Mignogna', 'Sex': 'Male', 'Team': 'Magaki Group', 'Nature Type': 'Nature Type\n        \n Lightning Release', 'Jutsu': 'Jutsu\n\n\nBarrier Shattering Technique\n\n\nChakra Transfer Technique\n\n\nCombination Transformation\n\n\nHurricane Thunderclap\n\n\nImpermanence of Worldly Things\n\n\nInfinite Embrace\n\n\nMultiple Infinite Embraces\n\n\nShadow Rope Technique\n\n\nTelegram Flash', 'Tools': 'Tools\n\n\nFūma Shuriken'}"
Claw Daimyō,"{'Anime': 'Naruto Episode #177 (Mentioned)', 'Appears in': 'Anime', 'Classification': 'Daimyō', 'Affiliation': 'Land of Claws'}"
Code,"{'Manga': 'Boruto Chapter #15', 'Anime': 'Boruto Episode #157', 'Game': 'Naruto x Boruto: Ninja Voltage', 'Appears in': 'Anime, Manga, Game', 'Japanese': 'Junta Terashima', 'English': 'Jacob Hopkins', 'Sex': 'Male', 'Occupation': 'Inner\nLeader of Kara', 'Affiliation': 'Kara', 'Nature Type': 'Nature Type\n        \n Yin Release', 'Jutsu': 'Jutsu\n\n\nClaw Grime (Manga only)\n\n\nClaw Mark\n\n\nGenjutsu Communication\n\n\nKāma', 'Tools': 'Tools\n\n\nMicroscopic Scientific Ninja Tools\n\n\nSpace-Time Gate'}"
Conch King,"{'Anime': 'Naruto Shippūden Episode #187', 'Appears in': 'Anime', 'Species': 'Strombidae', 'Classification': 'Summon', 'Affiliation': 'Amegakure', 'Nature Type': 'Nature Type\n        \n Water Release\n Yin Release', 'Jutsu': 'Jutsu\n\n\nConch Cannon\n\n\nConch Whip\n\n\nWater Release Genjutsu: Demonic Phantom Fog Prison'}"
Condor,"{'Anime': 'Naruto Shippūden Episode #181', 'Game': 'Naruto Mobile', 'Appears in': 'Anime, Game', 'Japanese': 'Takeharu Ōnishi', 'English': 'Benjamin Diskin', 'Sex': 'Male', 'Species': 'Ostrich', 'Occupation': 'Leader of the Four Ninja Animal Warriors', 'Affiliation': 'Konohagakure', 'Team': 'Four Ninja Animal Warriors', 'Jutsu': 'Jutsu\n\n\nOstrich Aerial\n\n\nOstrich Meteor Blast\n\n\nOstrich Rising Dragon Bullet\n\n\nOstrich Whirlwind Attack\n\n\nShining Ostrich Kick'}"
Crimson Fist,"{'Game': 'Naruto: Ultimate Ninja Online', 'Appears in': 'Game', 'Sex': 'Male', 'Age': 'Part II: 16', 'Height': 'Part II: 181.1  cm', 'Weight': 'Part II: 82.3  kg', 'Blood type': 'B', 'Kekkei Genkai': 'Wood Release', 'Affiliation': 'Konohagakure', 'Ninja Rank': 'Part II: Academy Student', 'Nature Type': 'Nature Type\n        \n Wood Release\n Earth Release\n Water Release', 'Jutsu': 'Jutsu\n\n\nEarth Release: Added-Weight Rock Technique\n\n\nEarth Release: Earth Mausoleum Dumpling\n\n\nEarth Release: Fist Rock Technique\n\n\nEarth Release: Hardening Technique\n\n\nEarth Release: Light-Weight Rock Technique\n\n\nEarth Release: Super Fist Rock Technique\n\n\nEarth Release: Ultralight-Weight Rock Technique\n\n\nFront Lotus\n\n\nLeaf Whirlwind\n\n\nSummoning Technique (Slug)'}"
Curse Jutsu Master,"{'Game': 'Naruto Shippūden: Ultimate Ninja Storm 2', 'Appears in': 'Game', 'Sex': 'Male', 'Jutsu': 'Jutsu\n\n\nCursed Doll'}"
Cursed Warrior,"{'Anime': 'Naruto Episode #162', 'Appears in': 'Anime', 'Status': 'Deceased', 'Classification': 'Samurai', 'Affiliation': 'Land of Birds'}"
Daemon,"{'Manga': 'Boruto Chapter #59', 'Anime': 'Boruto Episode #289', 'Appears in': 'Anime, Manga', 'Japanese': 'Yumiri Hanamori', 'Sex': 'Male', 'Affiliation': 'Kara\n Konohagakure (Manga only)', 'Family': 'Family\n\t\nAda (Sister)', 'Jutsu': 'Jutsu\n\n\nReflection Shinjutsu', 'Tools': 'Tools'}"
Daen Nara,"{'Manga': 'Naruto Chapter #616', 'Anime': 'Naruto Shippūden Episode #365', 'Appears in': 'Anime, Manga', 'Sex': 'Male', 'Age': 'Part II: 30', 'Affiliation': 'Konohagakure\n Allied Shinobi Forces', 'Clan': 'Nara Clan', 'Ninja Rank': 'Part II: Jōnin', 'Nature Type': 'Nature Type\n        \n Yin Release', 'Jutsu': 'Jutsu\n\n\nShadow Imitation Technique'}"
Daibutsu,"{'Anime': 'Naruto Shippūden Episode #347', 'Appears in': 'Anime', 'Japanese': 'Kōsuke Gotō', 'English': 'Travis Willingham', 'Sex': 'Male', 'Status': 'Deceased', 'Height': 'Part II: 210 cm', 'Affiliation': 'Akatsuki', 'Nature Type': 'Nature Type\n        \n Water Release', 'Jutsu': 'Jutsu\n\n\nWater Prison Technique', 'Tools': 'Tools\n\n\nBō'}"
Daichi,"{'Manga': 'Naruto Chapter #94', 'Anime': 'Naruto Episode #56', 'Appears in': 'Anime, Manga', 'Japanese': 'Ikumi Sugiyama (Episode 199-200)', 'English': 'Quinton Flynn  (Episode 56 and 158)\nDerek Stephen Prince  (Episode 199)', 'Sex': 'Male', 'Age': 'Part I: 10', 'Affiliation': 'Konohagakure', 'Ninja Rank': 'Part I: Academy Student'}"
Daikoku Funeno,"{'Manga': 'Naruto Chapter #221', 'Anime': 'Naruto Episode #129', 'Appears in': 'Anime, Manga', 'Japanese': 'Masato Funaki \nDōzaka Kōzō  (Shippūden episode 176)\nRyūichi Kijima   (Shippūden episode 452)', 'English': 'Robbie Rist', 'Sex': 'Male', 'Age': 'Part I: 35', 'Occupation': 'Academy Teacher', 'Affiliation': 'Konohagakure', 'Ninja Rank': 'Part I: Chūnin'}"
Daimaru,"{'Anime': 'Naruto Shippūden Episode #316', 'Appears in': 'Anime', 'Japanese': 'Hideo Watanabe', 'English': 'Derek Stephen Prince', 'Sex': 'Male', 'Status': 'Deceased', 'Affiliation': 'Sunagakure', 'Team': 'Impure World Reincarnation Allied Forces', 'Nature Type': 'Nature Type\n        \n Earth Release', 'Jutsu': 'Jutsu\n\n\nEarth Release: Sand Dance'}"
Daizen Matsushige,"{'Anime': 'Boruto Episode #259', 'Appears in': 'Anime', 'Japanese': 'Fukushi Ochiai', 'Sex': 'Male', 'Occupation': 'Thief\nShopkeeper', 'Affiliation': 'Konohagakure', 'Nature Type': 'Nature Type\n        \n Wind Release', 'Jutsu': 'Jutsu\n\n\nSickle Weasel Technique'}"
Dajimu,"{'Manga': 'Naruto Chapter #454 (Mentioned)', 'Anime': 'Naruto Shippūden Episode #198 (Mentioned)', 'Appears in': 'Anime, Manga', 'Affiliation': 'Konohagakure\n Root', 'Partner': 'Tera', 'Ninja Rank': 'Part II: Anbu'}"
Dan Katō,"{'Manga': 'Naruto Chapter #160', 'Anime': 'Naruto Episode #91', 'Game': 'Naruto Shippūden: Ultimate Ninja Blazing', 'Appears in': 'Anime, Manga, Game', 'Japanese': 'Takuma Suzuki', 'English': 'Roger Craig Smith', 'Birthdate': 'December 4', 'Sex': 'Male', 'Age': 'Part I: 27', 'Status': 'Deceased', 'Height': 'Part I: 180.2 cm', 'Weight': 'Part I: 67.1 kg', 'Blood type': 'A', 'Affiliation': 'Konohagakure', 'Ninja Rank': 'Part I: Jōnin', 'Ninja Registration': '002973', 'Academy Grad. Age': '10', 'Family': 'Family\n\t\nShizune (Niece)\nTsunade (Lover)', 'Nature Type': 'Nature Type\n        \n Fire Release\n Wind Release\n Earth Release\n Yin Release\n Yang Release', 'Jutsu': 'Jutsu\n\n\nChakra Transfer Technique\n\n\nSpirit Transformation Technique'}"
Dango Mitsuki,"{'Manga': 'Naruto Chapter #490', 'Appears in': 'Manga', 'Sex': 'Male', 'Age': 'Part II: 26', 'Affiliation': 'Konohagakure', 'Team': 'Infiltration and Reconnaissance Party', 'Ninja Rank': 'Part II: Chūnin'}"
Dangō,"{'Manga': 'Naruto Chapter #450', 'Anime': 'Naruto Shippūden Episode #179', 'Appears in': 'Anime, Manga', 'Japanese': 'Kōzō Dōzaka', 'Sex': 'Male', 'Age': 'Part II: 55', 'Occupation': 'Minister', 'Affiliation': 'Land of Fire'}"
Danjō,"{'Novel': 'Shikamaru Shinden: A Cloud Dancing in Forlorn Falling Petals', 'Appears in': 'Novel', 'Sex': 'Male', 'Classification': 'Daimyō', 'Affiliation': 'Land of Earth'}"
Danzō Shimura,"{'Manga': 'Naruto Chapter #281', 'Anime': 'Naruto Shippūden Episode #32', 'Novel': 'Itachi Shinden: Book of Bright Light', 'Game': 'Naruto Shippūden: Kizuna Drive', 'OVA': 'Naruto Shippūden: UNSG anime cutscenes', 'Appears in': 'Anime, Manga, Novel, Game', 'Japanese': 'Hiroshi Ito\nMasayuki Katō   (Young Adult)', 'English': 'William Frederick Knight \nPeter Lurie   (Young Adult)\nTroy Baker   (Naruto Shippūden: Kizuna Drive)', 'Birthdate': 'January 6', 'Sex': 'Male', 'Age': 'Part II: 72–73', 'Status': 'Deceased', 'Height': 'Part II: 170 cm', 'Weight': 'Part II: 52.7 kg', 'Blood type': 'AB', 'Kekkei Genkai': 'Sharingan \n Mangekyō Sharingan \n Wood Release', 'Occupation': 'Leader of Root\nCandidate Sixth Hokage', 'Affiliation': 'Konohagakure\n Root', 'Team': 'Konoha Council\n Escort Unit', 'Clan': 'Shimura Clan', 'Ninja Registration': '000272', 'Nature Type': 'Nature Type\n        \n Wind Release\n Earth Release\n Water Release\n Fire Release\n Wood Release\n Yin Release\n Yang Release', 'Jutsu': 'Jutsu\n\n\nCursed Tongue Eradication Seal\n\n\nGenjutsu: Sharingan (Anime only)\n\n\nHiding in Surface Technique (Anime only)\n\n\nIzanagi\n\n\nKotoamatsukami\n\n\nRegeneration Ability\n\n\nReverse Four Symbols Sealing\n\n\nSelf-Cursing Seal\n\n\nSpontaneous Tree Summoning\n\n\nSummoning Technique (Baku)\n\n\nWind Release: Vacuum Blade\n\n\nWind Release: Vacuum Great Sphere\n\n\nWind Release: Vacuum Serial Waves\n\n\nWind Release: Vacuum Sphere\n\n\nWind Release: Vacuum Wave\n\n\nWind Waves', 'Tools': 'Tools\n\n\nSealing Arm Braces\n\n\nSword'}"
Daore Dōtonbori,"{'Anime': 'Boruto Episode #94', 'Novel': 'Naruto Shinden: Parent and Child Day', 'Appears in': 'Anime, Novel', 'Japanese': 'Hana Takeda', 'Sex': 'Male', 'Team': 'Exploding-Till-You-Eat', 'Family': 'Family\n\t\nKūi Dōtonbori (Father)'}"
Darui,"{'Manga': 'Naruto Chapter #454', 'Anime': 'Naruto Shippūden Episode #199', 'Novel': 'Sasuke Shinden: Book of Sunrise', 'Movie': 'Boruto: Naruto the Movie', 'Game': 'Naruto Shippūden 3D: The New Era', 'OVA': 'Naruto Shippūden: UNSG anime cutscenes', 'Appears in': 'Anime, Manga, Novel, Game, Movie', 'Japanese': 'Ryōta Takeuchi', 'English': 'Catero Colbert \nOgie Banks   (Ultimate Ninja Storm series)', 'Birthdate': 'January 6', 'Sex': 'Male', 'Age': 'Part II: 26', 'Height': 'Part II: 176.5 cm\nGaiden: 185  cm', 'Weight': 'Part II: 68.5 kg', 'Blood type': 'O', 'Kekkei Genkai': 'Storm Release', 'Occupation': 'First Division Commander of the Allied Shinobi Forces\nRaikage', 'Affiliation': 'Kumogakure\n Allied Shinobi Forces', 'Team': 'Kumo Council\n First Division', 'Partner': 'C', 'Ninja Rank': 'Part II: Jōnin\nGaiden: Kage', 'Ninja Registration': 'CL5596', 'Nature Type': 'Nature Type\n        \n Storm Release\n Lightning Release\n Water Release\n Wind Release', 'Jutsu': 'Jutsu\n\n\nBlack Lightning\n\n\nDouble Black Panther (Anime only)\n\n\nLightning Release: Black Panther\n\n\nLightning Release: Wave of Inspiration\n\n\nShadow Clone Technique (Anime only)\n\n\nStorm Release: Laser Circus\n\n\nWater Release: Water Formation Wall', 'Tools': 'Tools\n\n\nBenihisago\n\n\nCleaver Sword\n\n\nKohaku no Jōhei\n\n\nShichiseiken'}"
Daruma Izuno,"{'Anime': 'Boruto Episode #222', 'Appears in': 'Anime', 'Japanese': 'Taketora', 'Sex': 'Male', 'Affiliation': 'Konohagakure', 'Clan': 'Izuno Clan', 'Family': 'Family\n\t\nAmagi Izuno (Mother)\nWasabi Izuno (Daughter)\nMazuma Izuno (Wife)'}"
Datsuji,"{'Anime': 'Naruto Shippūden Episode #398', 'Appears in': 'Anime', 'Japanese': 'Shinobu Matsumoto', 'English': 'Kirk Thornton', 'Sex': 'Male', 'Height': 'Part I: 170  cm', 'Affiliation': 'Sunagakure', 'Team': 'Team Goji', 'Ninja Rank': 'Part I: Genin', 'Nature Type': 'Nature Type\n        \n Water Release', 'Jutsu': 'Jutsu\n\n\nWater Release: Mouth Shot', 'Tools': 'Tools\n\n\nFlash Bomb'}"
Deepa,"{'Anime': 'Boruto Episode #157', 'Appears in': 'Anime', 'Japanese': 'Tetsuya Kakihara', 'English': 'Chris Hackney', 'Sex': 'Male', 'Status': 'Deceased', 'Occupation': 'Inner', 'Affiliation': 'Kara', 'Partner': 'Victor', 'Nature Type': 'Nature Type\n        \n Yin Release', 'Jutsu': 'Jutsu\n\n\nCarbon Armour\n\n\nCarbon Control\n\n\nCarbon Ring\n\n\nCarbon Whip\n\n\nGenjutsu Communication'}"
Deidara,"{'Manga': 'Naruto Chapter #247', 'Anime': 'Naruto Shippūden Episode #2', 'Novel': 'Akatsuki Hiden: Evil Flowers in Full Bloom', 'Movie': 'Road to Ninja: Naruto the Movie', 'Game': 'Naruto Shippūden: Gekitō Ninja Taisen! EX', 'OVA': 'Naruto Shippūden: UNSG anime cutscenes', 'Appears in': 'Anime, Manga, Novel, Game, Movie', 'Japanese': 'Katsuhiko Kawamoto', 'English': 'Quinton Flynn  (Episode 135)\nRoger Craig Smith', 'Birthdate': 'May 5', 'Sex': 'Male', 'Age': 'Part II: 19', 'Status': 'Deceased', 'Height': 'Part II: 166  cm', 'Weight': 'Part II: 50.8  kg', 'Blood type': 'AB', 'Kekkei Genkai': 'Explosion Release', 'Classification': 'S-rank\nMissing-nin\nMercenary Ninja', 'Occupation': 'Terrorist Bomber', 'Affiliation': 'Iwagakure\n Akatsuki', 'Team': 'Explosion Corps\n Surprise Attack and Diversion Platoon', 'Partner': 'Sasori\nTobi', 'Ninja Registration': 'IW-08721', 'Nature Type': 'Nature Type\n        \n Explosion Release\n Earth Release\n Lightning Release', 'Jutsu': 'Jutsu\n\n\nC0\n\n\nC1\n\n\nC2\n\n\nC3\n\n\nC4\n\n\nClay Clone\n\n\nEarth Release: Hiding Like a Mole Technique\n\n\nExplosive Clay\n\n\nExplosive Clay Dolls (Anime only)\n\n\nExplosive Landmines\n\n\nFive-Seal Barrier Pass Technique\n\n\nIwagakure Kinjutsu\n\n\nShadow Clone Technique\n\n\nSuicide Bombing Clone', 'Tools': 'Tools\n\n\nEye Scope\n\n\nSword (Anime only)'}"
Delta,"{'Manga': 'Boruto Chapter #15', 'Anime': 'Boruto Episode #157', 'Game': 'Naruto x Boruto: Ninja Voltage', 'Appears in': 'Anime, Manga, Game', 'Japanese': 'Houko Kuwashima', 'English': 'Amber Lee Connors', 'Sex': 'Female', 'Occupation': 'Inner  (Former)', 'Affiliation': 'Kara\n Konohagakure (Manga only)', 'Family': 'Family\n\t\nAkebi Sanzu (Genetic source)\nAmado Sanzu (Creator/Father)', 'Nature Type': 'Nature Type\n        \n Yin Release', 'Jutsu': 'Jutsu\n\n\nGenjutsu Communication', 'Tools': 'Tools\n\n\nAbsorbing Eye\n\n\nMicroscopic Scientific Ninja Tools\n\n\nSpace-Time Gate\n\n\nSpy Drone'}"
Demonic Statue of the Outer Path,"{'Manga': 'Naruto Chapter #254', 'Anime': 'Naruto Shippūden Episode #10', 'Novel': 'The Last: Naruto the Movie', 'Movie': 'The Last: Naruto the Movie', 'Game': 'Naruto Shippūden: Ultimate Ninja 5', 'Appears in': 'Anime, Manga, Novel, Game, Movie', 'Status': 'Incapacitated', 'Classification': 'Summon', 'Affiliation': 'Akatsuki', 'Family': 'Family\n\t\nTen-Tails (Original Form)', 'Jutsu': 'Jutsu\n\n\nBlack Receiver\n\n\nDemonic Statue Chains\n\n\nSealing Technique: Phantom Dragons Nine Consuming Seals'}"
Dengaku,"{'Manga': 'Naruto Chapter #159', 'Anime': 'Naruto Episode #91', 'Appears in': 'Anime, Manga', 'Japanese': 'Toshitsugu Takashina', 'English': 'Quinton Flynn   (Episode 91)\nSteve Kramer   (Episode 92)', 'Sex': 'Male', 'Age': 'Part I: 33', 'Height': 'Part I: 164 cm', 'Occupation': 'Shopkeeper of an oden stall', 'Affiliation': 'Land of Fire'}"
Denka,"{'Manga': 'Naruto Chapter #354', 'Anime': 'Naruto Shippūden Episode #121', 'Appears in': 'Anime, Manga', 'Japanese': 'Kazuhiko Inoue', 'English': 'Rick Zieff  (#121)\nSam Riegel  (#189)', 'Sex': 'Male', 'Species': 'Ninneko'}"
Denki Kaminarimon,"{'Anime': 'Boruto Episode #1', 'Novel': 'The New Leaves Soaring Through the Blue Sky!', 'Game': 'Naruto: Ultimate Ninja Online', 'Appears in': 'Anime, Manga, Novel, Game', 'Japanese': 'Chihiro Ikki', 'English': 'Erica Mendez', 'Sex': 'Male', 'Height': 'Gaiden: 138 cm', 'Affiliation': 'Konohagakure', 'Team': 'Team 5', 'Ninja Rank': 'Gaiden: Chūnin', 'Family': 'Family\n\t\nEreki Kaminarimon (Father)', 'Nature Type': 'Nature Type\n        \n Lightning Release', 'Jutsu': 'Jutsu\n\n\nLightning Release: Elekiter (Anime only)\n\n\nLightning Release: Lightning Slash (Anime only)\n\n\nLightning Release: Overdrive (Anime only)\n\n\nMultiple String Light Formation (Anime only)\n\n\nString Light Formation (Anime only)', 'Tools': 'Tools\n\n\nFlash Bomb (Anime only)\n\n\nLightning Release Suit (Anime only)\n\n\nSmoke-Flash Bomb (Anime only)'}"
Disonasu,"{'Anime': 'Naruto Shippūden Episode #290', 'Appears in': 'Anime', 'Japanese': 'Masayuki Omoro', 'English': 'Keone Young', 'Sex': 'Male', 'Status': 'Deceased', 'Occupation': 'Head of Hachō Village', 'Affiliation': 'Hachō Village', 'Jutsu': 'Jutsu\n\n\nScroll Communication Technique\n\n\nSummoning Technique', 'Tools': 'Tools\n\n\nAma no Hoko\n\n\nSaezuri'}"
Dodai,"{'Manga': 'Naruto Chapter #541', 'Anime': 'Naruto Shippūden Episode #282', 'Game': 'Naruto Shippūden: Ultimate Ninja Storm Revolution', 'Appears in': 'Anime, Manga, Game', 'Japanese': 'Shinobu Matsumoto', 'English': 'Todd Haberkorn', 'Birthdate': 'October 23', 'Sex': 'Male', 'Age': 'Part II: 54', 'Height': 'Part II: 176.5  cm', 'Weight': 'Part II: 78.9 kg', 'Blood type': 'O', 'Kekkei Genkai': 'Lava Release', 'Occupation': 'Raikage Attendant', 'Affiliation': 'Kumogakure\n Allied Shinobi Forces', 'Team': 'Fourth Division\n Communications Team', 'Ninja Rank': 'Part II: Jōnin', 'Ninja Registration': 'CL1532', 'Nature Type': 'Nature Type\n        \n Lava Release\n Fire Release\n Earth Release', 'Jutsu': 'Jutsu\n\n\nLava Release: Rubber Ball\n\n\nLava Release: Rubber Defence\n\n\nLava Release: Rubber Rope\n\n\nLava Release: Rubber Wall'}"
Dokan,"{'Anime': 'Naruto Shippūden Episode #452', 'Appears in': 'Anime', 'Japanese': 'Minoru Kawai', 'Sex': 'Male', 'Affiliation': 'Konohagakure', 'Ninja Rank': 'Part II: Genin'}"
Doki,"{'Manga': 'Naruto Chapter #202', 'Anime': 'Naruto Episode #119', 'Game': 'Naruto: Gekitō Ninja Taisen! 4', 'Appears in': 'Anime, Manga, Game', 'Species': 'Demon', 'Classification': 'Summon', 'Affiliation': 'Otogakure', 'Nature Type': 'Nature Type\n        \n Yin Release', 'Tools': 'Tools\n\n\nClub'}"
Dokku,"{'Anime': 'Naruto Shippūden Episode #290', 'Appears in': 'Anime', 'Japanese': 'Hiroto Torihata', 'English': 'Joe Ochman', 'Sex': 'Male', 'Age': 'Part II: 36', 'Height': 'Part II: 165  cm', 'Occupation': 'Militia Officer  (Former)', 'Affiliation': 'Tonika Village', 'Family': 'Family\n\t\nShiseru (Wife)\nLando (Adoptive Son)\nLeo (Adoptive Son)\nMiina (Adoptive Daughter)\nFaz (Adoptive Son)\nSora  (Adoptive Daughter)', 'Tools': 'Tools\n\n\nAma no Hoko\n\n\nSaezuri'}"
Don,"{'Anime': 'Naruto Shippūden Episode #254', 'Appears in': 'Anime', 'Sex': 'Male', 'Species': 'Koala', 'Occupation': 'Leader of the Koalas', 'Affiliation': 'Kumogakure'}"
Doragu,"{'Anime': 'Boruto Episode #142', 'Appears in': 'Anime', 'Japanese': 'Tsuyoshi Koyama', 'English': 'Kyle Hebert', 'Sex': 'Male', 'Occupation': 'Criminal'}"
Doseki Ganryū,"{'Anime': 'Boruto Episode #261', 'Appears in': 'Anime', 'Japanese': 'Daichi Hayashi', 'Sex': 'Male', 'Affiliation': 'Konohagakure', 'Ninja Rank': 'Boruto Manga: Academy Student'}"
Dosu Kinuta,"{'Manga': 'Naruto Chapter #35', 'Anime': 'Naruto Episode #21', 'Game': 'Naruto: Path of the Ninja', 'OVA': 'Finally a clash! Jōnin vs. Genin!! Indiscriminate Grand Melee Tournament Meeting!!', 'Appears in': 'Anime, Manga, Game', 'Japanese': 'Daisuke Egawa', 'English': 'John DeMita', 'Birthdate': 'June 12', 'Sex': 'Male', 'Age': 'Part I: 14', 'Status': 'Deceased', 'Height': 'Part I: 156 cm', 'Weight': 'Part I: 49 kg', 'Blood type': 'A', 'Affiliation': 'Otogakure', 'Team': 'Team Dosu', 'Jutsu': 'Jutsu\n\n\nResonating Echo Drill', 'Tools': 'Tools\n\n\nResonating Echo Speaker'}"
Dotō Kazahana,"{'Movie': 'Naruto the Movie: Ninja Clash in the Land of Snow', 'Game': 'Naruto: Ultimate Ninja 2', 'Appears in': 'Game, Movie', 'Japanese': 'Tsutomu Isobe', 'English': 'Lex Lang', 'Sex': 'Male', 'Status': 'Deceased', 'Classification': 'Daimyō', 'Affiliation': 'Yukigakure', 'Family': 'Family\n\t\nKoyuki Kazahana (Niece)\nSōsetsu Kazahana (Brother)', 'Nature Type': 'Nature Type\n        \n Ice Release', 'Jutsu': 'Jutsu\n\n\nIce Release: Black Dragon Blizzard\n\n\nIce Release: Twin Dragon Blizzard', 'Tools': 'Tools\n\n\nChakra Armour\n\n\nHexagonal Crystal (Movie only)\n\n\nMechanical Kunai Thrower (Movie only)'}"
Dread Lion,"{'Anime': 'Naruto Shippūden Episode #189', 'Appears in': 'Anime', 'Sex': 'Male', 'Species': 'Lion'}"
Dōshin,"{'Game': 'Naruto Shippūden: Ultimate Ninja Heroes 3', 'Appears in': 'Game', 'Japanese': 'Daisuke Sakaguchi', 'English': 'Roger Craig Smith', 'Sex': 'Male', 'Status': 'Deceased', 'Classification': 'Missing-nin', 'Affiliation': 'Konohagakure', 'Team': ""Leaf's Anbu"", 'Ninja Rank': 'Part II: Anbu', 'Nature Type': 'Nature Type\n        \n Earth Release\n Yin Release', 'Jutsu': 'Jutsu\n\n\nDemonic Illusion: False Surroundings Technique\n\n\nForbidden Summoning Technique: Fire Rats Cometh\n\n\nForbidden Technique: Mud Golem'}"
Dōshu Goetsu,"{'Manga': 'Naruto Chapter #700+1', 'Anime': 'Boruto Episode #1', 'Novel': 'The New Leaves Soaring Through the Blue Sky!', 'Game': 'Naruto: Ultimate Ninja Online', 'Appears in': 'Anime, Manga, Novel, Game', 'Japanese': 'Kazuki Ōta \nDaiki Kajimoto (Episode 139+)', 'English': 'Christopher Swindle', 'Sex': 'Male', 'Classification': 'Medical-nin', 'Affiliation': 'Konohagakure', 'Team': 'Team 40 (Anime only)', 'Ninja Rank': 'Gaiden: Genin', 'Jutsu': 'Jutsu\n\n\nChakra Transfer Technique (Anime only)\n\n\nMultiple String Light Formation (Anime only)\n\n\nMystical Palm Technique (Anime only)\n\n\nString Light Formation (Anime only)', 'Tools': 'Tools\n\n\nBlowpipe (Anime only)\n\n\nInjection Shot (Anime only)'}"
Dōtō Akimichi,"{'Manga': 'Naruto Chapter #542', 'Anime': 'Naruto Shippūden Episode #282', 'Game': 'Naruto Mobile', 'Appears in': 'Anime, Manga, Game', 'English': 'Steve Kramer', 'Sex': 'Male', 'Age': 'Part II: 29', 'Affiliation': 'Konohagakure', 'Clan': 'Akimichi Clan', 'Ninja Rank': 'Part II: Jōnin', 'Nature Type': 'Nature Type\n        \n Yang Release', 'Jutsu': 'Jutsu\n\n\nCalorie Control', 'Tools': 'Tools\n\n\nBō'}"
Eagle-Masked Anbu Member,"{'Manga': 'Naruto Chapter #57', 'Anime': 'Naruto Episode #30', 'Game': 'Naruto Shippūden: Ultimate Ninja Blazing', 'OVA': 'Hidden Leaf Village Grand Sports Festival!', 'Appears in': 'Anime, Manga, Game', 'Japanese': 'Keijin Okuda  (Part I; Episode 30 and 34)\nEisuke Asakura  (Part I; Episode 184)\nKōsuke Gotō  (Part II)', 'English': 'Sam Riegel  (Part I; Episode 30 and 34)\nKim Strauss  (Part I; Episode 67)\nPatrick Seitz  (Part I; Episode 184)', 'Sex': 'Male', 'Affiliation': 'Konohagakure', 'Partner': 'Boar-Masked Anbu Member', 'Ninja Rank': 'Part I: Anbu', 'Nature Type': 'Nature Type\n        \n Water Release (Anime only)', 'Jutsu': 'Jutsu\n\n\nHiding in Surface Technique (Anime only)\n\n\nTemporary Paralysis Technique\n\n\nWater Clone Technique (Anime only)', 'Tools': 'Tools\n\n\nSword'}"
Earth Daimyō,"{'Manga': 'Naruto Chapter #488', 'Anime': 'Naruto Shippūden Episode #218', 'Appears in': 'Anime, Manga', 'Japanese': 'Kenji Yamauchi', 'English': 'Kirk Thornton', 'Sex': 'Male', 'Age': 'Part II: 62', 'Classification': 'Daimyō', 'Affiliation': 'Land of Earth'}"
Earth Prison Golem,"{'Anime': 'Naruto Shippūden Episode #304', 'Appears in': 'Anime', 'Classification': 'Summon', 'Affiliation': 'Otogakure', 'Nature Type': 'Nature Type\n        \n Earth Release', 'Unique Traits': 'Unique Traits\n\t\nCan absorb chakra'}"
Ebisu,"{'Manga': 'Naruto Chapter #2', 'Anime': 'Naruto Episode #2', 'Movie': 'Naruto the Movie: Blood Prison', 'Game': 'Naruto: Konoha Ninpōchō', 'OVA': 'Hidden Leaf Village Grand Sports Festival!', 'Appears in': 'Anime, Manga, Game, Movie', 'Japanese': 'Nobuo Tobita \nManami Hanawa (Child)', 'English': 'Crispin Freeman', 'Birthdate': 'March 8', 'Sex': 'Male', 'Age': 'Part I: 28\nPart II: 32–33', 'Height': 'Part I: 181.4  cm', 'Weight': 'Part I: 67.5  kg', 'Blood type': 'A', 'Occupation': 'Personal Trainer', 'Affiliation': 'Konohagakure\n Allied Shinobi Forces', 'Team': 'Team Chōza\n Team Ebisu', 'Ninja Rank': 'Part I: Tokubetsu Jōnin', 'Ninja Registration': '010777', 'Academy Grad. Age': '10', 'Chūnin Prom. Age': '17', 'Nature Type': 'Nature Type\n        \n Fire Release (Anime only)', 'Jutsu': 'Jutsu\n\n\nFire Release: Fire Dragon Bullet (Anime only)\n\n\nShadow Clone Technique (Anime only)'}"
Ebizō,"{'Manga': 'Naruto Chapter #252', 'Anime': 'Naruto Shippūden Episode #9', 'Novel': 'Gaara Hiden: A Sandstorm Mirage', 'Movie': 'Naruto Shippūden the Movie: The Will of Fire', 'Game': 'Naruto Shippūden: Ultimate Ninja 4', 'Appears in': 'Anime, Manga, Novel, Game, Movie', 'Japanese': 'Ken Shiroyama', 'English': 'Kyle Hebert', 'Birthdate': 'January 6', 'Sex': 'Male', 'Age': 'Part II: 72', 'Height': 'Part II: 158 cm', 'Weight': 'Part II: 45 kg', 'Blood type': 'B', 'Occupation': 'Senior  (Novel only)\nHead of the Suna Council (Novel only)', 'Affiliation': 'Sunagakure', 'Team': 'Honoured Siblings\n Suna Council (Novel only)', 'Ninja Rank': 'Blank Period: Jōnin', 'Ninja Registration': '02-002', 'Family': ""Family\n\t\nChiyo (Sister)\nSasori's Father (Nephew)\nSasori (Grandnephew)""}"
Edashi,"{'Anime': 'Naruto Shippūden Episode #465', 'Appears in': 'Anime', 'Japanese': 'Yo Tokinaga\nMisuzu Togashi  (Child)', 'English': ""Robbie Rist \nColleen O'Shaughnessey  (Child)"", 'Sex': 'Male', 'Status': 'Deceased', 'Affiliation': 'Land of Ancestors', 'Jutsu': 'Jutsu\n\n\nChakra Transfer Technique'}"
Ehō Norimaki,"{'Anime': 'Boruto Episode #154', 'Appears in': 'Anime', 'Japanese': 'Ryōko Shiraishi', 'English': 'Casey Mongillo', 'Sex': 'Male', 'Affiliation': 'Konohagakure', 'Ninja Rank': 'Boruto Manga: Academy Student'}"
Eiki Fūma,"{'Anime': 'Boruto Episode #261', 'Appears in': 'Anime', 'Japanese': 'Takuto Yoshinaga', 'Sex': 'Male', 'Affiliation': 'Konohagakure', 'Clan': 'Fūma Clan', 'Ninja Rank': 'Boruto Manga: Academy Student'}"
Emi,"{'Manga': 'Naruto Chapter #144', 'Anime': 'Naruto Episode #83', 'Game': 'Naruto: The Broken Bond', 'Appears in': 'Anime, Manga, Game', 'Japanese': 'Masumi Asano', 'English': 'Laura Bailey', 'Sex': 'Female', 'Age': 'Part I: 25', 'Occupation': 'Tailor shop worker', 'Affiliation': 'Land of Fire'}"
